ticker,direction,flow_score_raw,flow_score_scaled,price_score,final_score,reject_reason,checks_passed,checks_failed,options_context_score,gamma_regime,pattern,net_gex,gamma_flip_level_estimate,nearest_call_wall,nearest_put_wall,distance_to_call_wall_pct,distance_to_put_wall_pct,ticker_call_oi,ticker_put_oi,ticker_put_call_ratio,near_term_oi,swing_dte_oi,long_dated_oi,iv_rank,iv_current,price_trend,price_extension,price_room,price_pattern,price_momentum,price_confirm_vol,extended,extension_cap,extension_cap_atr,extension_soft_promoted,entry_price,stop_price,target_1,rr_ratio,repeat_flow_count,dte_score,flow_imbalance_ratio,bullish_flow_intensity,bearish_flow_intensity,bullish_premium_per_trade,bearish_premium_per_trade,bullish_vol_oi,bearish_vol_oi,bullish_sweep_count,bearish_sweep_count,bullish_breadth,bearish_breadth,bullish_zscore_tier,bearish_zscore_tier,bullish_flow_intensity_tier,bearish_flow_intensity_tier,bullish_premium_per_trade_tier,bearish_premium_per_trade_tier,bullish_vol_oi_tier,bearish_vol_oi_tier,bullish_repeat_tier,bearish_repeat_tier,bullish_sweep_tier,bearish_sweep_tier,bullish_breadth_tier,bearish_breadth_tier,bullish_dte_tier,bearish_dte_tier,bullish_delta_intensity,bearish_delta_intensity,bullish_avg_delta,bearish_avg_delta,bullish_delta_source_mix,bearish_delta_source_mix,watchlist_streak_days,watchlist_max_flow_score,watchlist_mean_flow_score_5d,watchlist_flow_trend,watchlist_first_seen,watchlist_last_seen,freight_train
MRVL,LONG,0.5794417763003065,5.794417763003064,7.35,5.9022,poor_rr (1.2:1),"confirmation_volume, momentum_aligned, not_extended, room_to_target, trend_aligned, trend_continuation",none,4.0,POSITIVE,trend_continuation,14847470.59,156.81,180.0,75.0,14.75,52.19,565569.0,697677.0,1.234,347764.0,403756.0,511726.0,95.5,0.787,3.0,0.42,1.0,1.4,0.78,0.75,False,sustained_trend,5.0,False,156.87,138.04,180.0,1.23,12,1.0,0.1609991782135505,7.3e-05,1.2e-05,7.278787247565593,135.63026833424496,115.837181,34.031706,7,1,0.390447,0.337324,4,4,1,1,4,4,1,1,4,4,4,4,4,4,4,4,0.0,0.0,0.660451,0.192822,0.0,0.0,1.0,0.5794417763003065,0.5794417763003065,n/a,2026-04-27,2026-04-27,False
USO,LONG,0.4390561024734489,4.390561024734489,6.23,5.3043,price_validation_failed,"momentum_aligned, not_extended, room_to_target, trend_aligned, trend_continuation",confirmation_volume,6.2,NEGATIVE,trend_continuation,-8545276.76,,200.0,100.0,48.32,25.84,659711.0,1025668.0,1.555,595792.0,541688.0,547899.0,82.2,0.758,2.08,0.76,0.31,1.4,1.68,0.0,False,sustained_trend,5.0,False,,,,,2,1.0,99.0,0.000656,0.0,98417.42406792368,0.0,8.21875,,1,0,5.9e-05,0.0,4,4,1,1,4,4,1,1,4,4,4,4,4,4,4,4,9.5e-05,0.0,0.594816,0.0,0.0,0.0,1.0,0.4390561024734489,0.4390561024734489,n/a,2026-04-27,2026-04-27,False
FN,LONG,0.4120643752958883,4.120643752958883,0.0,2.4724,weak_bullish_flow,none,none,,,unknown,,,,,,,,,,,,,,,,,,,,,,,,,,,,,4,1.0,99.0,7.7e-05,0.000219,0.01845800610241441,2.374629305824226e-15,12.911932,51.613636,0,0,0.0,0.292166,4,4,1,1,4,4,1,1,4,4,4,4,4,4,4,4,0.0,0.0,0.247044,0.471274,0.0,0.0,,,,,,,False
SMH,LONG,0.3976946067168661,3.9769460671686607,6.76,5.0565,price_validation_failed,"confirmation_volume, momentum_aligned, not_extended, trend_aligned, trend_continuation",room_to_target,5.2,NEGATIVE,trend_continuation,-29039012.94,,520.0,400.0,3.51,20.38,416000.0,897857.0,2.158,455179.0,458966.0,399712.0,98.8,0.44,2.63,0.2,0.02,1.4,1.68,0.83,False,sustained_trend,5.0,False,,,,,4,1.0,99.0,3.5e-05,0.0,170.20685953225077,0.0,72.211119,,3,0,0.731855,0.0,4,4,1,1,4,4,1,1,4,4,4,4,4,4,4,4,0.0,0.0,0.40082,0.0,0.0,0.0,1.0,0.3976946067168661,0.3976946067168661,n/a,2026-04-27,2026-04-27,False
CRCL,LONG,0.3802219764860584,3.8022197648605838,3.62,4.2471,price_validation_failed,"confirmation_volume, ema_pullback, not_extended, room_to_target","momentum_aligned, trend_aligned",6.3,NEGATIVE,ema_pullback,-479721.74,96.51,120.0,60.0,24.26,37.87,356651.0,257765.0,0.723,162686.0,156543.0,295187.0,83.4,0.94,0.0,0.82,1.0,1.2,0.24,0.35,False,default,2.5,False,,,,,3,1.0,99.0,0.00016,0.0,1.095238549185263,0.0,9.779189,,2,0,0.281338,0.0,4,4,1,1,4,4,1,1,4,4,4,4,4,4,4,4,0.0,0.0,0.714855,0.0,0.0,0.0,1.0,0.3802219764860584,0.3802219764860584,n/a,2026-04-27,2026-04-27,False
FXI,LONG,0.37913053853780676,3.7913053853780676,3.88,4.8397,price_validation_failed,"confirmation_volume, ema_pullback, not_extended, room_to_target","momentum_aligned, trend_aligned",8.9,NEGATIVE,ema_pullback,-58443565.39,,40.0,36.0,9.72,1.25,1940419.0,2137225.0,1.101,715489.0,1881766.0,1480389.0,45.0,0.235,0.0,0.88,1.0,1.2,0.31,0.49,False,default,2.5,False,,,,,1,1.0,99.0,0.000251,0.0,0.0045314342969663204,0.0,4.633136,,0,0,0.0,0.0,4,4,1,1,4,4,1,1,4,4,4,4,4,4,4,4,0.0,0.0,0.448939,0.0,0.0,0.0,1.0,0.37913053853780676,0.37913053853780676,n/a,2026-04-27,2026-04-27,False
IWM,LONG,0.3593265843622788,3.5932658436227882,0.0,2.156,weak_bullish_flow,none,none,,,unknown,,,,,,,,,,,,,,,,,,,,,,,,,,,,,8,1.0,1.7029048381425875,3.3e-05,2.2e-05,3.810612997541247,6.713140239294177,20.034491,8.521368,0,1,0.416216,0.003636,4,4,1,1,4,4,1,1,4,4,4,4,4,4,4,4,0.0,0.0,0.558004,0.557219,0.0,0.0,,,,,,,False
EL,LONG,0.34671865174532157,3.4671865174532157,4.48,4.3176,price_validation_failed,"ema_pullback, momentum_aligned, not_extended, room_to_target","confirmation_volume, trend_aligned",6.2,NEUTRAL,ema_pullback,,,105.0,75.0,35.98,2.87,106200.0,89081.0,0.839,34149.0,68503.0,144406.0,73.8,0.155,0.0,0.94,1.0,1.2,1.21,0.14,False,default,2.5,False,,,,,2,0.7,99.0,4.4e-05,0.0,3.9735745849218994e-11,0.0,8.16675,,1,0,0.0,0.0,4,4,1,1,4,4,1,1,4,4,4,4,4,4,4,4,0.0,0.0,0.297568,0.0,0.0,0.0,1.0,0.34671865174532157,0.34671865174532157,n/a,2026-04-27,2026-04-27,False
INTC,LONG,0.30554993119088447,3.0554993119088447,0.0,1.8333,weak_bullish_flow,none,none,,,unknown,,,,,,,,,,,,,,,,,,,,,,,,,,,,,3,1.0,0.3085236997526066,3e-06,9e-06,981943.1542922802,1591357.7386107827,19.647651,9.481544,0,0,0.0,0.399902,4,4,1,1,4,4,1,1,4,4,4,4,4,4,4,4,1e-06,4e-06,0.487122,0.477173,0.0,0.0,,,,,,,False
SOXX,LONG,0.3031804010460049,3.031804010460049,7.16,4.3439,poor_rr (0.3:1),"confirmation_volume, momentum_aligned, not_extended, trend_aligned, trend_continuation",room_to_target,3.4,NEUTRAL,trend_continuation,,,470.0,400.0,3.82,11.64,47438.0,96312.0,2.03,68400.0,31650.0,43700.0,95.9,0.435,2.9,0.16,0.17,1.4,1.53,1.0,False,sustained_trend,5.0,False,452.71,398.38,470.0,0.32,1,1.0,99.0,1.8e-05,0.0,123.5260290537381,0.0,17.652174,,0,0,0.0,0.0,4,4,1,1,4,4,1,1,4,4,4,4,4,4,4,4,0.0,0.0,0.288876,0.0,0.0,0.0,1.0,0.3031804010460049,0.3031804010460049,n/a,2026-04-27,2026-04-27,False
CELH,LONG,0.2827147849369517,2.827147849369517,4.84,3.7856,price_validation_failed,"confirmation_volume, momentum_aligned, not_extended, room_to_target, trend_continuation",trend_aligned,4.6,POSITIVE,trend_continuation,2131450.25,34.02,60.0,30.0,76.32,11.84,331481.0,142144.0,0.429,78331.0,141067.0,254227.0,99.3,0.822,0.0,0.71,1.0,1.4,1.21,0.53,False,default,2.5,False,,,,,1,1.0,99.0,8.1e-05,0.0,5.286378517113207e-20,0.0,2.60574,,0,0,0.0,0.0,4,4,1,1,4,4,1,1,4,4,4,4,4,4,4,4,0.0,0.0,0.037806,0.0,0.0,0.0,1.0,0.2827147849369517,0.2827147849369517,n/a,2026-04-27,2026-04-27,False
RIO,LONG,0.26722343480656735,2.6722343480656736,5.4,4.3561,price_validation_failed,"momentum_aligned, not_extended, trend_aligned, trend_continuation","confirmation_volume, room_to_target",7.0,NEUTRAL,trend_continuation,,,105.0,90.0,5.5,9.58,82235.0,79478.0,0.966,31858.0,62591.0,67264.0,65.6,0.319,1.82,0.79,0.05,1.4,1.15,0.2,False,sustained_trend,5.0,False,,,,,1,1.0,99.0,2e-06,0.0,253779.6922721522,0.0,2.529086,,0,0,0.0,0.0,4,4,1,1,4,4,1,1,4,4,4,4,4,4,4,4,1e-06,0.0,0.477067,0.0,0.0,0.0,1.0,0.26722343480656735,0.26722343480656735,n/a,2026-04-27,2026-04-27,False
GOOG,LONG,0.2514022274439859,2.514022274439859,7.66,4.635,"wall_proximity (0.5%, 0.2 ATR to call wall)","confirmation_volume, momentum_aligned, not_extended, room_to_target, trend_aligned, trend_continuation",none,5.4,NEGATIVE,trend_continuation,-24669093.96,348.18,350.0,300.0,0.52,13.84,933964.0,713274.0,0.764,410060.0,431704.0,805474.0,67.8,0.361,2.45,0.4,1.0,1.4,1.86,0.54,False,sustained_trend,5.0,False,,,,,1,1.0,99.0,0.0,0.0,141.7770568093754,0.0,16.802469,,0,0,0.0,0.0,4,4,1,1,4,4,1,1,4,4,4,4,4,4,4,4,0.0,0.0,0.247208,0.0,0.0,0.0,1.0,0.2514022274439859,0.2514022274439859,n/a,2026-04-27,2026-04-27,False
MSFT,LONG,0.24650976603110653,2.4650976603110655,6.21,3.8955,price_validation_failed,"confirmation_volume, momentum_aligned, not_extended, room_to_target, trend_aligned, trend_continuation",none,4.0,POSITIVE,trend_continuation,911213394.22,421.82,450.0,400.0,6.7,5.16,2582270.0,1224370.0,0.474,973981.0,842689.0,1989970.0,99.2,0.386,2.15,0.34,1.0,1.4,0.93,0.39,False,default,2.5,False,,,,,1,1.0,99.0,0.0,0.0,0.4371717682508428,0.0,2.395833,,1,0,0.0,0.0,4,4,1,1,4,4,1,1,4,4,4,4,4,4,4,4,0.0,0.0,0.29198,0.0,0.0,0.0,1.0,0.24650976603110653,0.24650976603110653,n/a,2026-04-27,2026-04-27,False
GEV,LONG,0.24236954768070598,2.42369547680706,5.13,4.0108,price_validation_failed,"confirmation_volume, momentum_aligned, not_extended, room_to_target, trend_aligned",continuation_pattern,6.3,NEUTRAL,unknown,,,1200.0,600.0,8.03,45.99,84611.0,100671.0,1.19,52726.0,53515.0,79041.0,67.2,0.523,2.35,0.07,0.43,0.0,1.28,1.0,False,default,2.5,False,,,,,2,1.0,0.0962335161094,5e-06,3e-06,0.08132162556508345,0.8450447292462593,8.748387,475.0,0,0,0.0,0.0,4,4,1,1,4,4,1,1,4,4,4,4,4,4,4,4,0.0,0.0,0.092156,0.183548,0.0,0.0,1.0,0.24236954768070598,0.24236954768070598,n/a,2026-04-27,2026-04-27,False
GOOGL,LONG,0.23850054691789335,2.3850054691789335,7.76,4.3805,"wall_proximity (1.4%, 0.6 ATR to call wall)","confirmation_volume, momentum_aligned, not_extended, room_to_target, trend_aligned, trend_continuation",none,4.3,NEGATIVE,trend_continuation,-15701101.5,350.18,355.0,300.0,1.36,14.34,1533421.0,1242662.0,0.81,668125.0,629618.0,1478340.0,73.0,0.372,2.42,0.42,1.0,1.4,1.85,0.66,False,sustained_trend,5.0,False,,,,,2,1.0,2.1046967174714464,0.0,0.0,811739.3730407995,385679.9729397649,18.068966,35.448276,0,0,0.0,0.0,4,4,1,1,4,4,1,1,4,4,4,4,4,4,4,4,0.0,0.0,0.530058,0.525095,0.0,0.0,1.0,0.23850054691789335,0.23850054691789335,n/a,2026-04-27,2026-04-27,False
RBLX,LONG,0.23722758125939725,2.3722758125939727,0.0,1.4234,weak_bullish_flow,none,none,,,unknown,,,,,,,,,,,,,,,,,,,,,,,,,,,,,2,1.0,99.0,1.4e-05,2.8e-05,3.060230668368836e-20,7.525229236198998e-25,2.580858,4.532394,0,0,0.0,0.0,4,4,1,1,4,4,1,1,4,4,4,4,4,4,4,4,0.0,0.0,0.429756,0.502153,0.0,0.0,,,,,,,False
ARM,LONG,0.18923346627612647,1.8923346627612647,0.0,1.1354,weak_bullish_flow,none,none,,,unknown,,,,,,,,,,,,,,,,,,,,,,,,,,,,,2,1.0,0.4222369550395355,1e-06,4e-06,6.577848314456447,15.578570837885424,1.643478,2.904762,0,1,0.0,0.0,4,4,1,1,4,4,1,1,4,4,4,4,4,4,4,4,0.0,0.0,0.1238,0.745486,0.0,0.0,,,,,,,False
IBIT,LONG,0.16488973966118653,1.6488973966118654,0.0,0.9893,weak_bullish_flow,none,none,,,unknown,,,,,,,,,,,,,,,,,,,,,,,,,,,,,3,1.0,0.8556701926324675,1.9e-05,1.9e-05,0.9058668495411876,0.5293317783773034,1.811213,5.56551,0,0,0.0,0.0,4,4,1,1,4,4,1,1,4,4,4,4,4,4,4,4,0.0,0.0,0.36312,0.162083,0.0,0.0,,,,,,,False
QQQ,LONG,0.1639098426524668,1.639098426524668,6.33,3.0785,price_validation_failed,"momentum_aligned, not_extended, trend_aligned, trend_continuation","confirmation_volume, room_to_target",1.8,POSITIVE,trend_continuation,2596522164.66,662.23,675.0,600.0,1.92,9.41,3847757.0,5966315.0,1.551,3821450.0,2530658.0,3461964.0,66.0,0.21,2.5,0.37,0.0,1.4,1.8,0.26,False,sustained_trend,5.0,False,,,,,3,1.0,2.2652703794668296,2e-06,1e-06,116.68468586133142,103.02053734423983,1.486316,7.475248,0,1,0.276492,0.0,4,4,1,1,4,4,1,1,4,4,4,4,4,4,4,4,0.0,0.0,0.434007,0.462769,0.0,0.0,1.0,0.1639098426524668,0.1639098426524668,n/a,2026-04-27,2026-04-27,False
AMZN,LONG,0.14396267232468213,1.4396267232468212,0.0,0.8638,weak_bullish_flow,none,none,,,unknown,,,,,,,,,,,,,,,,,,,,,,,,,,,,,2,1.0,8.28433906365984,0.0,1e-06,1.3635987513668737e-06,1.6459958252414473e-07,1.240876,1.219573,0,0,0.0,0.0,4,4,1,1,4,4,1,1,4,4,4,4,4,4,4,4,0.0,0.0,0.282821,0.465222,0.0,0.0,,,,,,,False
FN,SHORT,0.5407801446736007,5.407801446736007,4.89,5.2509,price_validation_failed,"bounce_and_fail, confirmation_volume, momentum_aligned, not_extended, room_to_target",trend_aligned,5.4,NEUTRAL,bounce_and_fail,,,760.0,610.0,11.27,10.69,4081.0,8233.0,2.017,5657.0,2727.0,3930.0,99.0,1.048,0.0,0.68,1.0,1.0,1.61,0.61,False,default,2.5,False,,,,,4,1.0,99.0,7.7e-05,0.000219,0.01845800610241441,2.374629305824226e-15,12.911932,51.613636,0,0,0.0,0.292166,4,4,1,1,4,4,1,1,4,4,4,4,4,4,4,4,0.0,0.0,0.247044,0.471274,0.0,0.0,1.0,0.5407801446736007,0.5407801446736007,n/a,2026-04-27,2026-04-27,False
CDNS,SHORT,0.5114994530821066,5.1149945308210665,1.62,4.2235,price_validation_failed,"confirmation_volume, not_extended, room_to_target","continuation_pattern, momentum_aligned, trend_aligned",5.9,NEUTRAL,unknown,,,400.0,300.0,19.11,10.67,58757.0,70865.0,1.206,24912.0,67679.0,37031.0,100.0,0.567,0.0,0.03,1.0,0.0,0.05,0.54,False,default,2.5,False,,,,,1,1.0,0.0,0.0,0.000174,0.0,4380.4266510606585,,10.699911,0,0,0.0,0.0,4,4,1,1,4,4,1,1,4,4,4,4,4,4,4,4,0.0,0.0,0.0,0.209118,0.0,0.0,1.0,0.5114994530821066,0.5114994530821066,n/a,2026-04-27,2026-04-27,False
TVTX,SHORT,0.5114994530821066,5.1149945308210665,2.83,4.6265,price_validation_failed,"not_extended, room_to_target, trend_continuation","confirmation_volume, momentum_aligned, trend_aligned",6.1,NEUTRAL,trend_continuation,,,50.0,37.5,21.39,8.96,14924.0,15147.0,1.015,15165.0,4484.0,10422.0,18.7,0.538,0.0,0.15,1.0,1.4,0.28,0.0,False,default,2.5,False,,,,,1,1.0,0.0,0.0,0.000173,0.0,1.6516823392855874e-16,,200.0,0,0,0.0,0.0,4,4,1,1,4,4,1,1,4,4,4,4,4,4,4,4,0.0,0.0,0.0,0.112758,0.0,0.0,1.0,0.5114994530821066,0.5114994530821066,n/a,2026-04-27,2026-04-27,False
VAL,SHORT,0.45698516007123563,4.569851600712356,3.59,4.3019,price_validation_failed,"confirmation_volume, ema_rally, not_extended, room_to_target","momentum_aligned, trend_aligned",4.7,NEUTRAL,ema_rally,,,120.0,80.0,24.01,17.33,32878.0,22103.0,0.672,11432.0,12832.0,30717.0,94.0,0.613,0.0,0.7,1.0,1.2,0.07,0.62,False,default,2.5,False,,,,,1,1.0,0.0,0.0,4.5e-05,0.0,4.8002477278527365e-12,,2.267574,0,0,0.0,0.0,4,4,1,1,4,4,1,1,4,4,4,4,4,4,4,4,0.0,0.0,0.0,0.495955,0.0,0.0,1.0,0.45698516007123563,0.45698516007123563,n/a,2026-04-27,2026-04-27,False
URA,SHORT,0.4412767040482179,4.412767040482179,4.38,5.1604,price_validation_failed,"bounce_and_fail, confirmation_volume, momentum_aligned, not_extended, room_to_target",trend_aligned,8.2,NEGATIVE,bounce_and_fail,-2122418.27,55.73,60.0,50.0,7.66,10.28,184470.0,119183.0,0.646,23832.0,110800.0,169021.0,52.3,0.554,0.0,0.61,1.0,1.0,1.22,0.54,False,default,2.5,False,,,,,1,1.0,0.0,0.0,0.000331,0.0,1.0109340528011895e-17,,18.164502,0,0,0.0,0.0,4,4,1,1,4,4,1,1,4,4,4,4,4,4,4,4,0.0,0.0,0.0,0.148329,0.0,0.0,1.0,0.4412767040482179,0.4412767040482179,n/a,2026-04-27,2026-04-27,False
BURL,SHORT,0.42855987707302745,4.2855987707302745,5.46,5.1808,price_validation_failed,"confirmation_volume, momentum_aligned, not_extended, retest_and_confirm, room_to_target",trend_aligned,7.0,NEUTRAL,retest_and_confirm,,,360.0,270.0,11.51,16.37,5004.0,25857.0,5.167,10178.0,17750.0,2933.0,70.6,0.448,0.0,0.73,1.0,1.4,1.78,0.55,False,consolidation_break,3.0,False,,,,,1,1.0,0.0,0.0,3.6e-05,0.0,630379.5319652659,,,0,0,0.0,0.0,4,4,1,1,4,4,1,1,4,4,4,4,4,4,4,4,0.0,1e-06,0.0,0.038173,0.0,0.0,1.0,0.42855987707302745,0.42855987707302745,n/a,2026-04-27,2026-04-27,False
TER,SHORT,0.38660472391959433,3.866047239195943,4.53,4.252,price_validation_failed,"confirmation_volume, engulfing_at_resistance, momentum_aligned, not_extended, room_to_target",trend_aligned,4.8,NEUTRAL,unknown,,,440.0,350.0,9.82,12.64,38292.0,22815.0,0.596,25268.0,12907.0,22932.0,98.1,0.85,0.0,0.18,1.0,1.6,0.93,0.82,False,default,2.5,False,,,,,3,1.0,0.0,0.0,3.6e-05,0.0,50.31137141763208,,11.386939,0,0,0.0,0.0,4,4,1,1,4,4,1,1,4,4,4,4,4,4,4,4,0.0,0.0,0.0,0.286259,0.0,0.0,1.0,0.38660472391959433,0.38660472391959433,n/a,2026-04-27,2026-04-27,False
DPZ,SHORT,0.37446126166456,3.7446126166456,7.0,4.8123,price_validation_failed,"confirmation_volume, flag_breakdown, momentum_aligned, room_to_target, trend_aligned",not_extended,4.2,NEUTRAL,flag_breakdown,,,390.0,330.0,16.84,1.13,11001.0,14921.0,1.356,16195.0,4071.0,5656.0,63.9,0.306,1.62,0.0,1.0,1.6,1.78,1.0,True,consolidation_break,3.0,True,,,,,1,1.0,0.0,0.0,3e-05,0.0,9.811744112251525e-29,,27.272727,0,0,0.0,0.0,4,4,1,1,4,4,1,1,4,4,4,4,4,4,4,4,0.0,0.0,0.0,0.621069,0.0,0.0,1.0,0.37446126166456,0.37446126166456,n/a,2026-04-27,2026-04-27,False
MRVL,SHORT,0.3700393386575175,3.7003933865751746,0.0,2.2202,weak_bearish_flow,none,none,,,unknown,,,,,,,,,,,,,,,,,,,,,,,,,,,,,12,1.0,0.1609991782135505,7.3e-05,1.2e-05,7.278787247565593,135.63026833424496,115.837181,34.031706,7,1,0.390447,0.337324,4,4,1,1,4,4,1,1,4,4,4,4,4,4,4,4,0.0,0.0,0.660451,0.192822,0.0,0.0,,,,,,,False
RGTI,SHORT,0.3547884758038495,3.547884758038495,7.13,5.3929,poor_rr (1.1:1),"momentum_aligned, not_extended, room_to_target, trend_aligned, trend_continuation",confirmation_volume,7.4,NEGATIVE,trend_continuation,-1628065.53,,20.0,14.0,23.84,13.31,305569.0,329004.0,1.077,250079.0,138990.0,245504.0,64.4,1.049,1.82,0.9,0.92,1.4,1.97,0.11,False,sustained_trend,5.0,False,16.15,18.09,14.0,1.11,2,1.0,0.0,0.0,0.000244,0.0,141.9135768010034,,4.639956,0,1,0.0,0.0,4,4,1,1,4,4,1,1,4,4,4,4,4,4,4,4,0.0,0.0,0.0,0.208481,0.0,0.0,1.0,0.3547884758038495,0.3547884758038495,n/a,2026-04-27,2026-04-27,False
SEDG,SHORT,0.3522138417151523,3.522138417151523,3.95,3.9261,price_validation_failed,"confirmation_volume, ema_rally, momentum_aligned, not_extended, room_to_target",trend_aligned,4.9,NEUTRAL,ema_rally,,,70.0,25.0,52.11,45.68,95367.0,80296.0,0.842,51782.0,36048.0,87833.0,90.8,1.112,0.0,0.73,1.0,1.2,0.66,0.36,False,default,2.5,False,,,,,1,1.0,0.0,0.0,0.000351,0.0,2.94146739676584e-15,,4.228448,0,0,0.0,0.0,4,4,1,1,4,4,1,1,4,4,4,4,4,4,4,4,0.0,0.0,0.0,0.79026,0.0,0.0,1.0,0.3522138417151523,0.3522138417151523,n/a,2026-04-27,2026-04-27,False
INTC,SHORT,0.35157231006817674,3.5157231006817673,3.52,3.7339,price_validation_failed,"confirmation_volume, room_to_target, shooting_star_at_resistance","momentum_aligned, not_extended, trend_aligned",4.6,POSITIVE,unknown,4063831.7,83.64,90.0,35.0,7.74,58.1,2498486.0,2520149.0,1.009,1090793.0,1410423.0,2517419.0,88.3,0.734,0.0,0.0,1.0,1.2,0.32,1.0,True,default,2.5,False,,,,,3,1.0,0.3085236997526066,3e-06,9e-06,981943.1542922802,1591357.7386107827,19.647651,9.481544,0,0,0.0,0.399902,4,4,1,1,4,4,1,1,4,4,4,4,4,4,4,4,1e-06,4e-06,0.487122,0.477173,0.0,0.0,1.0,0.35157231006817674,0.35157231006817674,n/a,2026-04-27,2026-04-27,False
ESI,SHORT,0.3414994530821066,3.4149945308210663,3.74,3.8695,price_validation_failed,"bounce_and_fail, confirmation_volume, momentum_aligned, not_extended, room_to_target",trend_aligned,5.2,NEUTRAL,bounce_and_fail,,,41.0,36.0,3.3,9.3,13469.0,16544.0,1.228,23218.0,75.0,6720.0,84.4,0.45,0.0,0.37,1.0,1.0,0.85,0.52,False,default,2.5,False,,,,,1,1.0,0.0,0.0,6.3e-05,0.0,1.0874522242711462e-28,,,0,0,0.0,0.0,4,4,1,1,4,4,1,1,4,4,4,4,4,4,4,4,0.0,0.0,0.0,0.363654,0.0,0.0,1.0,0.3414994530821066,0.3414994530821066,n/a,2026-04-27,2026-04-27,False
LULU,SHORT,0.3395072556412497,3.395072556412497,5.74,4.9995,price_validation_failed,"confirmation_volume, ema_rally, momentum_aligned, not_extended, room_to_target, trend_aligned",none,7.9,NEGATIVE,ema_rally,-12430374.59,,200.0,135.0,34.97,8.89,186282.0,163074.0,0.875,69939.0,86761.0,192656.0,58.7,0.452,1.78,0.43,0.2,1.2,1.53,0.61,False,default,2.5,False,,,,,2,1.0,0.0,0.0,7.4e-05,0.0,7.035580585580911,,4.211408,0,0,0.0,0.359611,4,4,1,1,4,4,1,1,4,4,4,4,4,4,4,4,0.0,0.0,0.0,0.460279,0.0,0.0,1.0,0.3395072556412497,0.3395072556412497,n/a,2026-04-27,2026-04-27,False
LITE,SHORT,0.32578138241848636,3.2578138241848635,4.97,4.1399,price_validation_failed,"bounce_and_fail, confirmation_volume, momentum_aligned, not_extended, room_to_target",trend_aligned,5.1,NEUTRAL,bounce_and_fail,,,890.0,800.0,5.18,5.46,73003.0,80846.0,1.107,50541.0,45397.0,57911.0,88.1,1.107,0.0,0.92,1.0,1.0,1.39,0.67,False,default,2.5,False,,,,,1,1.0,0.0,0.0,1.5e-05,0.0,897811.2631937021,,35.75,0,0,0.0,0.0,4,4,1,1,4,4,1,1,4,4,4,4,4,4,4,4,0.0,0.0,0.0,0.008468,0.0,0.0,1.0,0.32578138241848636,0.32578138241848636,n/a,2026-04-27,2026-04-27,False
TLN,SHORT,0.32488422980333204,3.2488422980333205,3.06,3.5224,price_validation_failed,"bounce_and_fail, not_extended, room_to_target","confirmation_volume, momentum_aligned, trend_aligned",4.9,NEUTRAL,bounce_and_fail,,,370.0,260.0,2.06,28.28,36204.0,26150.0,0.722,15045.0,11032.0,36277.0,90.2,0.611,0.0,0.52,1.0,1.0,0.36,0.19,False,default,2.5,False,,,,,1,1.0,0.0,0.0,3.2e-05,0.0,0.6918080993809936,,7.388889,0,0,0.0,0.0,4,4,1,1,4,4,1,1,4,4,4,4,4,4,4,4,0.0,0.0,0.0,0.534105,0.0,0.0,1.0,0.32488422980333204,0.32488422980333204,n/a,2026-04-27,2026-04-27,False
POET,SHORT,0.3098963092717514,3.098963092717514,5.55,4.0745,price_validation_failed,"confirmation_volume, momentum_aligned, not_extended, room_to_target, volume_capitulation_reversal",trend_aligned,4.3,POSITIVE,unknown,2067591.67,,10.0,7.0,22.85,14.0,766278.0,126860.0,0.166,158254.0,212173.0,522711.0,91.3,1.293,0.0,0.89,0.39,1.4,1.88,1.0,False,default,2.5,False,,,,,1,1.0,0.0,0.0,0.000172,0.0,319747.7440770556,,,0,0,0.0,0.0,4,4,1,1,4,4,1,1,4,4,4,4,4,4,4,4,0.0,0.00011,0.0,0.687531,0.0,0.0,1.0,0.3098963092717514,0.3098963092717514,n/a,2026-04-27,2026-04-27,False
ARM,SHORT,0.296250501488518,2.96250501488518,4.11,3.4743,price_validation_failed,"confirmation_volume, momentum_aligned, room_to_target, volume_capitulation_reversal","not_extended, trend_aligned",3.8,POSITIVE,unknown,5588102.47,214.71,250.0,110.0,16.44,48.77,362282.0,403394.0,1.113,208396.0,199933.0,357347.0,100.0,0.949,0.0,0.0,1.0,1.4,0.71,1.0,True,default,2.5,True,,,,,2,1.0,0.4222369550395355,1e-06,4e-06,6.577848314456447,15.578570837885424,1.643478,2.904762,0,1,0.0,0.0,4,4,1,1,4,4,1,1,4,4,4,4,4,4,4,4,0.0,0.0,0.1238,0.745486,0.0,0.0,1.0,0.296250501488518,0.296250501488518,n/a,2026-04-27,2026-04-27,False
IWM,SHORT,0.2934277264519079,2.934277264519079,0.0,1.7606,weak_bearish_flow,none,none,,,unknown,,,,,,,,,,,,,,,,,,,,,,,,,,,,,8,1.0,1.7029048381425875,3.3e-05,2.2e-05,3.810612997541247,6.713140239294177,20.034491,8.521368,0,1,0.416216,0.003636,4,4,1,1,4,4,1,1,4,4,4,4,4,4,4,4,0.0,0.0,0.558004,0.557219,0.0,0.0,,,,,,,False
CRDO,SHORT,0.28964081812443854,2.8964081812443854,4.49,3.8552,price_validation_failed,"bounce_and_fail, confirmation_volume, momentum_aligned, not_extended, room_to_target",trend_aligned,5.3,NEUTRAL,bounce_and_fail,,,200.0,100.0,12.6,43.7,109749.0,79210.0,0.722,65429.0,52349.0,71181.0,71.6,0.955,0.0,0.15,1.0,1.0,1.75,0.59,False,default,2.5,False,,,,,2,1.0,0.0,0.0,4.3e-05,0.0,0.3661046371343792,,2.403081,0,0,0.0,0.041926,4,4,1,1,4,4,1,1,4,4,4,4,4,4,4,4,0.0,0.0,0.0,0.603376,0.0,0.0,1.0,0.28964081812443854,0.28964081812443854,n/a,2026-04-27,2026-04-27,False
META,SHORT,0.28750160780675516,2.8750160780675516,2.29,2.8445,price_validation_failed,"confirmation_volume, not_extended, room_to_target","continuation_pattern, momentum_aligned, trend_aligned",3.6,POSITIVE,unknown,715289411.31,674.75,750.0,600.0,11.19,11.05,1824117.0,889999.0,0.488,660584.0,641921.0,1411611.0,86.5,0.434,0.0,0.41,1.0,0.0,0.54,0.34,False,default,2.5,False,,,,,2,1.0,0.0,0.0,2e-06,0.0,60.951910488242966,,6.085714,0,0,0.0,5.3e-05,4,4,1,1,4,4,1,1,4,4,4,4,4,4,4,4,0.0,0.0,0.0,0.372156,0.0,0.0,1.0,0.28750160780675516,0.28750160780675516,n/a,2026-04-27,2026-04-27,False
RBLX,SHORT,0.2837186130164834,2.8371861301648336,6.24,4.5906,price_validation_failed,"confirmation_volume, consolidation_breakdown, momentum_aligned, not_extended, room_to_target, trend_aligned",none,6.5,NEGATIVE,unknown,-2001522.09,57.42,100.0,35.0,74.19,39.04,221266.0,153016.0,0.692,79183.0,107384.0,187715.0,99.5,0.937,1.6,0.92,1.0,1.2,1.19,0.34,False,consolidation_break,3.0,False,,,,,2,1.0,99.0,1.4e-05,2.8e-05,3.060230668368836e-20,7.525229236198998e-25,2.580858,4.532394,0,0,0.0,0.0,4,4,1,1,4,4,1,1,4,4,4,4,4,4,4,4,0.0,0.0,0.429756,0.502153,0.0,0.0,1.0,0.2837186130164834,0.2837186130164834,n/a,2026-04-27,2026-04-27,False
STX,SHORT,0.2786214017280316,2.786214017280316,2.8,3.2331,price_validation_failed,"bounce_and_fail, confirmation_volume, room_to_target","momentum_aligned, not_extended, trend_aligned",5.0,NEUTRAL,bounce_and_fail,,,600.0,200.0,0.66,66.45,72799.0,79720.0,1.095,39553.0,30980.0,81986.0,99.6,0.864,0.0,0.0,1.0,1.0,0.33,0.47,True,default,2.5,False,,,,,2,1.0,0.0,0.0,8e-06,0.0,63.094261095540155,,146.5,0,0,0.0,0.0,4,4,1,1,4,4,1,1,4,4,4,4,4,4,4,4,0.0,0.0,0.0,0.757772,0.0,0.0,1.0,0.2786214017280316,0.2786214017280316,n/a,2026-04-27,2026-04-27,False
COP,SHORT,0.2741654328321771,2.741654328321771,4.55,3.5958,price_validation_failed,"confirmation_volume, momentum_aligned, not_extended, retest_and_confirm, room_to_target",trend_aligned,4.3,POSITIVE,retest_and_confirm,20161379.87,121.14,125.0,95.0,3.19,21.57,217547.0,156068.0,0.717,88307.0,116154.0,169154.0,86.3,0.35,0.0,0.86,0.67,1.4,1.0,0.61,False,default,2.5,False,,,,,1,1.0,0.0,0.0,5e-06,0.0,0.6353791808375348,,2.774603,0,0,0.0,0.0,4,4,1,1,4,4,1,1,4,4,4,4,4,4,4,4,0.0,0.0,0.0,0.530067,0.0,0.0,1.0,0.2741654328321771,0.2741654328321771,n/a,2026-04-27,2026-04-27,False
TEM,SHORT,0.26879212096641625,2.6879212096641627,4.59,3.821,price_validation_failed,"ema_rally, momentum_aligned, not_extended, room_to_target","confirmation_volume, trend_aligned",5.5,NEGATIVE,ema_rally,-922605.49,,70.0,50.0,33.97,4.31,165992.0,107440.0,0.647,51048.0,63450.0,158934.0,85.7,0.833,0.0,0.89,1.0,1.2,1.43,0.07,False,default,2.5,False,,,,,1,1.0,0.0,0.0,6.7e-05,0.0,0.4855083768932119,,2.709402,0,0,0.0,0.0,4,4,1,1,4,4,1,1,4,4,4,4,4,4,4,4,0.0,0.0,0.0,0.604367,0.0,0.0,1.0,0.26879212096641625,0.26879212096641625,n/a,2026-04-27,2026-04-27,False
LRCX,SHORT,0.26466070934853836,2.6466070934853834,4.38,4.0773,price_validation_failed,"bounce_and_fail, momentum_aligned, not_extended, room_to_target","confirmation_volume, trend_aligned",7.2,NEGATIVE,bounce_and_fail,-136172.03,,370.0,240.0,41.82,8.01,244136.0,264681.0,1.084,132444.0,138516.0,237857.0,81.1,0.653,0.0,0.72,1.0,1.0,1.32,0.33,False,default,2.5,False,,,,,1,1.0,0.0,0.0,2e-06,0.0,0.0024948026752520964,,81.142857,0,0,0.0,0.0,4,4,1,1,4,4,1,1,4,4,4,4,4,4,4,4,0.0,0.0,0.0,0.230452,0.0,0.0,1.0,0.26466070934853836,0.26466070934853836,n/a,2026-04-27,2026-04-27,False
IBIT,SHORT,0.2540561024734489,2.540561024734489,0.0,1.5243,weak_bearish_flow,none,none,,,unknown,,,,,,,,,,,,,,,,,,,,,,,,,,,,,3,1.0,0.8556701926324675,1.9e-05,1.9e-05,0.9058668495411876,0.5293317783773034,1.811213,5.56551,0,0,0.0,0.0,4,4,1,1,4,4,1,1,4,4,4,4,4,4,4,4,0.0,0.0,0.36312,0.162083,0.0,0.0,,,,,,,False
QQQ,SHORT,0.25350054691789337,2.535005469178934,0.0,1.521,weak_bearish_flow,none,none,,,unknown,,,,,,,,,,,,,,,,,,,,,,,,,,,,,3,1.0,2.2652703794668296,2e-06,1e-06,116.68468586133142,103.02053734423983,1.486316,7.475248,0,1,0.276492,0.0,4,4,1,1,4,4,1,1,4,4,4,4,4,4,4,4,0.0,0.0,0.434007,0.462769,0.0,0.0,,,,,,,False
GEV,SHORT,0.2517116825150947,2.517116825150947,0.0,1.5103,weak_bearish_flow,none,none,,,unknown,,,,,,,,,,,,,,,,,,,,,,,,,,,,,2,1.0,0.0962335161094,5e-06,3e-06,0.08132162556508345,0.8450447292462593,8.748387,475.0,0,0,0.0,0.0,4,4,1,1,4,4,1,1,4,4,4,4,4,4,4,4,0.0,0.0,0.092156,0.183548,0.0,0.0,,,,,,,False
GOOGL,SHORT,0.2511797999617353,2.511797999617353,0.0,1.5071,weak_bearish_flow,none,none,,,unknown,,,,,,,,,,,,,,,,,,,,,,,,,,,,,2,1.0,2.1046967174714464,0.0,0.0,811739.3730407995,385679.9729397649,18.068966,35.448276,0,0,0.0,0.0,4,4,1,1,4,4,1,1,4,4,4,4,4,4,4,4,0.0,0.0,0.530058,0.525095,0.0,0.0,,,,,,,False
NVDA,SHORT,0.24911884037085813,2.4911884037085814,1.77,2.7566,price_validation_failed,"confirmation_volume, room_to_target","continuation_pattern, momentum_aligned, not_extended, trend_aligned",4.9,POSITIVE,unknown,1776132646.61,210.4,220.0,150.0,4.56,28.71,8278508.0,6850523.0,0.828,3433886.0,3663584.0,8031561.0,69.8,0.447,0.0,0.0,1.0,0.0,0.21,0.56,True,default,2.5,False,,,,,1,1.0,0.0,0.0,0.0,0.0,474716.0692494429,,10.21327,0,0,0.0,0.0,4,4,1,1,4,4,1,1,4,4,4,4,4,4,4,4,0.0,0.0,0.0,0.490459,0.0,0.0,1.0,0.24911884037085813,0.24911884037085813,n/a,2026-04-27,2026-04-27,False
VST,SHORT,0.24614266643150257,2.4614266643150255,3.01,3.4737,price_validation_failed,"confirmation_volume, ema_rally, not_extended, room_to_target","momentum_aligned, trend_aligned",6.7,NEGATIVE,ema_rally,-16767554.08,,180.0,150.0,9.2,9.0,115179.0,189599.0,1.646,99525.0,76080.0,129173.0,91.8,0.625,0.0,0.66,0.47,1.2,0.11,0.56,False,default,2.5,False,,,,,1,0.7,0.0,0.0,1.4e-05,0.0,2.1306463930485776e-09,,27.1,0,0,0.0,0.0,4,4,1,1,4,4,1,1,4,4,4,4,4,4,4,4,0.0,0.0,0.0,0.702832,0.0,0.0,1.0,0.24614266643150257,0.24614266643150257,n/a,2026-04-27,2026-04-27,False
AMAT,SHORT,0.2403564498740619,2.403564498740619,4.21,3.1248,price_validation_failed,"bounce_and_fail, confirmation_volume, momentum_aligned, not_extended, room_to_target",trend_aligned,3.3,POSITIVE,bounce_and_fail,8212958.16,403.23,490.0,240.0,21.71,40.39,161232.0,158817.0,0.985,97774.0,83712.0,138563.0,100.0,0.64,0.0,0.58,1.0,1.0,1.22,0.4,False,default,2.5,False,,,,,1,1.0,0.0,0.0,3e-06,0.0,3.0601358471932826e-15,,6.151515,0,0,0.0,0.0,4,4,1,1,4,4,1,1,4,4,4,4,4,4,4,4,0.0,0.0,0.0,0.448193,0.0,0.0,1.0,0.2403564498740619,0.2403564498740619,n/a,2026-04-27,2026-04-27,False
FDX,SHORT,0.2145875506716566,2.1458755067165662,4.79,4.1499,price_validation_failed,"momentum_aligned, not_extended, room_to_target, trend_continuation","confirmation_volume, trend_aligned",8.2,NEUTRAL,trend_continuation,,,400.0,310.0,3.5,19.79,36896.0,49775.0,1.349,23107.0,24887.0,38677.0,41.2,0.315,0.0,0.63,1.0,1.4,1.75,0.0,False,default,2.5,False,,,,,1,1.0,0.0,0.0,1.1e-05,0.0,0.005165235380775163,,1.745283,0,0,0.0,0.0,4,4,1,1,4,4,1,1,4,4,4,4,4,4,4,4,0.0,0.0,0.0,0.494568,0.0,0.0,1.0,0.2145875506716566,0.2145875506716566,n/a,2026-04-27,2026-04-27,False
DELL,SHORT,0.19971741223112777,1.9971741223112778,3.4,3.4986,price_validation_failed,"confirmation_volume, momentum_aligned, room_to_target, shooting_star_at_resistance","not_extended, trend_aligned",7.4,NEGATIVE,unknown,-1155728.08,215.5,220.0,100.0,2.12,53.58,206735.0,282603.0,1.367,115948.0,123424.0,249966.0,94.9,0.638,0.0,0.0,1.0,1.2,0.75,0.45,True,default,2.5,False,,,,,1,1.0,0.0,0.0,1.2e-05,0.0,1.0317571256087524e-11,,1.544803,0,1,0.0,0.0,4,4,1,1,4,4,1,1,4,4,4,4,4,4,4,4,0.0,0.0,0.0,0.405263,0.0,0.0,1.0,0.19971741223112777,0.19971741223112777,n/a,2026-04-27,2026-04-27,False
FSLR,SHORT,0.17835274151236483,1.7835274151236482,5.34,3.8938,price_validation_failed,"confirmation_volume, momentum_aligned, not_extended, retest_and_confirm, room_to_target, trend_aligned",none,7.0,NEGATIVE,retest_and_confirm,-17066002.84,192.74,410.0,180.0,112.5,6.71,306055.0,201894.0,0.66,39128.0,88391.0,380430.0,70.6,0.602,1.56,0.96,0.28,1.4,0.76,0.38,False,sustained_trend,5.0,False,,,,,1,1.0,0.0,0.0,9.3e-05,0.0,3.922676949353715e-11,,1.127711,0,0,0.0,0.0,4,4,1,1,4,4,1,1,4,4,4,4,4,4,4,4,0.0,0.0,0.0,0.488966,0.0,0.0,1.0,0.17835274151236483,0.17835274151236483,n/a,2026-04-27,2026-04-27,False
PG,SHORT,0.1767399537136598,1.767399537136598,4.02,3.0697,price_validation_failed,"confirmation_volume, momentum_aligned, not_extended, room_to_target, trend_continuation",trend_aligned,4.9,POSITIVE,trend_continuation,39753790.78,148.72,160.0,135.0,7.57,9.24,182583.0,142482.0,0.78,78290.0,133552.0,113223.0,66.6,0.221,0.0,0.56,1.0,1.4,0.72,0.34,False,default,2.5,False,,,,,1,1.0,0.0,0.0,3e-06,0.0,0.0782780499963262,,1.040199,0,1,0.0,0.0,4,4,1,1,4,4,1,1,4,4,4,4,4,4,4,4,0.0,0.0,0.0,0.420702,0.0,0.0,1.0,0.1767399537136598,0.1767399537136598,n/a,2026-04-27,2026-04-27,False
ASML,SHORT,0.15340058359069114,1.5340058359069113,4.72,3.303,price_validation_failed,"confirmation_volume, momentum_aligned, not_extended, retest_and_confirm, room_to_target",trend_aligned,5.6,NEUTRAL,retest_and_confirm,,,1600.0,1200.0,12.68,15.49,65719.0,90386.0,1.375,55799.0,40102.0,60204.0,83.2,0.49,0.0,0.96,0.76,1.4,1.18,0.42,False,default,2.5,False,,,,,1,1.0,0.0,0.0,1e-06,0.0,0.5832252022977883,,1.451613,0,0,0.0,0.0,4,4,1,1,4,4,1,1,4,4,4,4,4,4,4,4,0.0,0.0,0.0,0.285148,0.0,0.0,1.0,0.15340058359069114,0.15340058359069114,n/a,2026-04-27,2026-04-27,False
AAPL,SHORT,0.15053730920360758,1.5053730920360757,5.17,3.6837,price_validation_failed,"momentum_aligned, not_extended, pullback_to_resistance, room_to_target","confirmation_volume, trend_aligned",6.9,NEGATIVE,pullback_to_resistance,-115189749.29,267.01,300.0,250.0,12.36,6.37,2613674.0,1893182.0,0.724,1132843.0,1274569.0,2099444.0,80.7,0.283,0.0,0.82,1.0,1.4,1.64,0.31,False,default,2.5,False,,,,,1,0.7,0.0,0.0,0.0,0.0,7.414706923514969e-07,,1.863986,0,1,0.0,0.0,4,4,1,1,4,4,1,1,4,4,4,4,4,4,4,4,0.0,0.0,0.0,0.282498,0.0,0.0,1.0,0.15053730920360758,0.15053730920360758,n/a,2026-04-27,2026-04-27,False
AMZN,SHORT,0.13967113834337136,1.3967113834337135,2.94,2.3004,price_validation_failed,"bounce_and_fail, confirmation_volume, room_to_target","momentum_aligned, not_extended, trend_aligned",3.6,POSITIVE,bounce_and_fail,675864940.12,261.03,275.0,200.0,5.35,23.38,3056475.0,1831497.0,0.599,1150693.0,1029981.0,2707298.0,83.9,0.416,0.0,0.0,1.0,1.0,0.45,0.49,True,default,2.5,False,,,,,2,1.0,8.28433906365984,0.0,1e-06,1.3635987513668737e-06,1.6459958252414473e-07,1.240876,1.219573,0,0,0.0,0.0,4,4,1,1,4,4,1,1,4,4,4,4,4,4,4,4,0.0,0.0,0.282821,0.465222,0.0,0.0,1.0,0.13967113834337136,0.13967113834337136,n/a,2026-04-27,2026-04-27,False
GS,SHORT,0.1354923995842338,1.3549239958423382,3.95,3.2825,price_validation_failed,"momentum_aligned, not_extended, pullback_to_resistance, room_to_target","confirmation_volume, trend_aligned",7.1,NEGATIVE,pullback_to_resistance,-2944860.65,,1000.0,800.0,7.27,14.18,190981.0,169289.0,0.886,80047.0,65373.0,214850.0,61.2,0.312,0.0,0.5,0.79,1.4,1.21,0.06,False,default,2.5,False,,,,,1,1.0,0.0,0.0,4e-06,0.0,3.847448626144845e-15,,1.269841,0,0,0.0,0.0,4,4,1,1,4,4,1,1,4,4,4,4,4,4,4,4,0.0,0.0,0.0,0.487953,0.0,0.0,1.0,0.1354923995842338,0.1354923995842338,n/a,2026-04-27,2026-04-27,False
TSLA,SHORT,0.13058311891789331,1.3058311891789331,6.8,3.8529,price_validation_failed,"confirmation_volume, momentum_aligned, not_extended, room_to_target, trend_aligned, trend_continuation",none,5.8,NEGATIVE,trend_continuation,-187006226.74,,960.0,300.0,161.49,18.28,3768577.0,2795567.0,0.742,1749041.0,1393920.0,3421183.0,2.5,0.41,1.68,0.88,0.61,1.4,1.79,0.45,False,sustained_trend,5.0,False,,,,,1,1.0,0.0,0.0,1e-06,0.0,379.91248524371156,,1.412979,0,0,0.0,0.0,4,4,1,1,4,4,1,1,4,4,4,4,4,4,4,4,0.0,0.0,0.0,0.235386,0.0,0.0,1.0,0.13058311891789331,0.13058311891789331,n/a,2026-04-27,2026-04-27,False
WIX,LONG,0.5357875045395162,5.357875045395161,4.15,5.0639,watchlist_reeval_failed,"momentum_aligned, not_extended, room_to_target, trend_continuation","confirmation_volume, trend_aligned",5.7,NEUTRAL,trend_continuation,,,120.0,70.0,61.18,5.98,27358.0,27093.0,0.99,15255.0,17540.0,21656.0,93.3,0.859,0.0,0.91,1.0,1.4,0.84,0.0,False,default,2.5,False,,,,,1,1.0,99.0,0.000153,0.0,594156.2027020142,0.0,9.5,,0,0,0.0,0.0,4,4,1,1,4,4,4,4,4,4,4,4,4,4,4,4,7.5e-05,0.0,0.533409,0.0,0.0,0.0,1.0,0.5357875045395162,0.5357875045395162,n/a,2026-04-22,2026-04-22,
NN,LONG,0.5346383320662336,5.346383320662335,2.81,5.1362,watchlist_reeval_failed,"not_extended, trend_continuation","confirmation_volume, momentum_aligned, room_to_target, trend_aligned",8.1,NEUTRAL,trend_continuation,,,20.0,15.0,15.54,13.34,284891.0,40370.0,0.142,66781.0,159148.0,100217.0,42.6,0.224,0.0,0.81,0.0,1.4,0.53,0.07,False,default,2.5,False,,,,,2,1.0,99.0,0.000961,0.0,3.185097708857687e-10,0.0,2.723989,,0,0,0.468929,0.0,4,4,1,1,4,4,4,4,4,4,4,4,4,4,4,4,0.0,0.0,0.138796,0.0,0.0,0.0,1.0,0.5346383320662336,0.5346383320662336,n/a,2026-04-22,2026-04-22,
LOGI,LONG,0.5114994530821066,5.1149945308210665,5.84,5.2695,watchlist_reeval_failed,"confirmation_volume, not_extended, room_to_target, trend_aligned, trend_continuation",momentum_aligned,4.8,NEUTRAL,trend_continuation,,,120.0,90.0,25.85,5.61,9332.0,12777.0,1.369,7679.0,7488.0,6942.0,98.8,0.447,1.54,1.0,1.0,1.4,0.56,0.33,False,default,2.5,False,,,,,1,1.0,99.0,4.7e-05,0.0,2.2424076397796595e-09,0.0,6.024096,,0,0,0.0,0.0,4,4,1,1,4,4,4,4,4,4,4,4,4,4,4,4,0.0,0.0,0.393726,0.0,0.0,0.0,1.0,0.5114994530821066,0.5114994530821066,n/a,2026-04-22,2026-04-22,
LLY,LONG,0.2728853893606584,2.7288538936065843,2.99,3.5814,watchlist_reeval_failed,"bounce_and_fail, not_extended, room_to_target","confirmation_volume, momentum_aligned, trend_aligned",6.6,NEGATIVE,bounce_and_fail,-21135296.43,,1000.0,800.0,13.47,9.22,136072.0,153542.0,1.128,69266.0,76288.0,144060.0,95.6,0.46,0.0,0.46,1.0,1.0,0.33,0.2,False,default,2.5,False,,,,,2,1.0,99.0,2e-06,0.0,26684.707272050906,0.0,38.663043,,0,0,0.0,0.0,4,4,1,1,4,4,4,4,4,4,4,4,4,4,4,4,0.0,0.0,0.532349,0.0,0.0,0.0,1.0,0.2728853893606584,0.2728853893606584,n/a,2026-04-22,2026-04-22,
ARKG,SHORT,0.5114994530821066,5.1149945308210665,5.26,5.5155,watchlist_reeval_failed,"confirmation_volume, momentum_aligned, not_extended, pullback_to_resistance, room_to_target",trend_aligned,6.9,NEUTRAL,pullback_to_resistance,,,48.0,28.0,59.76,6.81,116209.0,77802.0,0.67,89482.0,51832.0,52697.0,38.5,0.458,0.0,0.66,1.0,1.4,1.31,0.89,False,default,2.5,False,,,,,1,1.0,0.0,0.0,0.001171,0.0,0.0003520079453310054,,45.70235,0,0,0.0,0.0,4,4,1,1,4,4,4,4,4,4,4,4,4,4,4,4,0.0,0.0,0.0,0.632729,0.0,0.0,1.0,0.5114994530821066,0.5114994530821066,n/a,2026-04-22,2026-04-22,
RIOT,SHORT,0.3692593529484784,3.692593529484784,4.44,4.2383,watchlist_reeval_failed,"confirmation_volume, momentum_aligned, not_extended, pullback_to_resistance, room_to_target",trend_aligned,5.3,POSITIVE,pullback_to_resistance,3795199.27,18.05,20.0,10.0,10.53,44.74,455753.0,264452.0,0.58,285601.0,201445.0,233159.0,55.1,0.884,0.0,0.57,1.0,1.4,1.13,0.33,False,default,2.5,False,,,,,1,1.0,0.0,0.0,0.000147,0.0,904782.682622457,,1.468522,0,0,0.0,0.0,4,4,1,1,4,4,4,4,4,4,4,4,4,4,4,4,0.0,3.3e-05,0.0,0.238926,0.0,0.0,1.0,0.3692593529484784,0.3692593529484784,n/a,2026-04-22,2026-04-22,
FCX,SHORT,0.27479073234876006,2.747907323487601,4.77,4.405,watchlist_reeval_failed,"ema_rally, momentum_aligned, not_extended, room_to_target","confirmation_volume, trend_aligned",8.0,NEGATIVE,ema_rally,-10034556.02,,70.0,35.0,15.97,42.01,591603.0,593559.0,1.003,219704.0,357627.0,607831.0,66.3,0.491,0.0,0.48,1.0,1.2,1.83,0.27,False,default,2.5,False,,,,,1,1.0,0.0,0.0,7e-06,0.0,1.0679729242794688e-29,1.107675,260.5,0,0,0.0,0.0,4,4,1,1,4,4,4,4,4,4,4,4,4,4,4,4,0.0,0.0,0.0,0.578169,0.0,0.0,1.0,0.27479073234876006,0.27479073234876006,n/a,2026-04-22,2026-04-22,
FTNT,LONG,0.3303594257137481,3.303594257137481,5.53,4.3508,watchlist_reeval_failed,"momentum_aligned, not_extended, retest_and_confirm, trend_aligned","confirmation_volume, room_to_target",5.2,NEUTRAL,retest_and_confirm,,,100.0,80.0,16.36,6.91,77463.0,106948.0,1.381,48177.0,60495.0,75739.0,97.6,0.585,1.65,0.78,0.0,1.4,1.42,0.27,False,sustained_trend,5.0,False,,,,,1,1.0,99.0,8e-06,0.0,372261.9330571854,0.0,8.419355,,0,0,0.0,0.0,4,4,1,1,4,4,4,4,4,4,4,4,4,4,4,4,3e-06,0.0,0.439968,0.0,0.0,0.0,1.0,0.3303594257137481,0.3303594257137481,n/a,2026-04-22,2026-04-22,
NOW,LONG,0.29054861986612923,2.9054861986612925,4.64,4.1047,watchlist_reeval_failed,"confirmation_volume, momentum_aligned, not_extended, room_to_target, volume_capitulation_reversal",trend_aligned,6.3,NEGATIVE,unknown,-9512643.61,,100.0,60.0,8.82,34.71,617432.0,485254.0,0.786,317487.0,257577.0,527622.0,89.8,0.602,0.0,0.69,1.0,1.4,0.79,0.76,False,default,2.5,False,,,,,2,1.0,2.2460729332368066e-06,5e-06,2e-06,1.3656633822824231e-09,0.0006080227236051375,12.770667,1.258303,0,1,0.0,0.0,4,4,1,1,4,4,4,4,4,4,4,4,4,4,4,4,0.0,0.0,0.047215,0.774521,0.0,0.0,1.0,0.29054861986612923,0.29054861986612923,n/a,2026-04-22,2026-04-22,
KKR,SHORT,0.11335729943579143,1.1335729943579143,3.39,2.9238,watchlist_reeval_failed,"momentum_aligned, not_extended, room_to_target","confirmation_volume, continuation_pattern, trend_aligned",6.7,NEGATIVE,unknown,-2965023.59,101.5,110.0,80.0,8.34,21.21,114791.0,146014.0,1.272,69656.0,47124.0,144025.0,84.5,0.5,0.0,0.73,1.0,0.0,1.66,0.0,False,default,2.5,False,,,,,1,1.0,0.0,0.0,9e-06,0.0,7.660575499399003e-31,,,0,0,0.0,0.0,4,4,1,1,4,4,4,4,4,4,4,4,4,4,4,4,0.0,0.0,0.0,0.458311,0.0,0.0,1.0,0.11335729943579143,0.11335729943579143,n/a,2026-04-22,2026-04-22,
KORU,LONG,0.9386482190069231,9.38648219006923,6.56,7.6812,watchlist_reeval_failed,"momentum_aligned, not_extended, room_to_target, trend_aligned, trend_continuation",confirmation_volume,5.1,NEUTRAL,trend_continuation,,,700.0,335.0,27.21,39.12,5219.0,12049.0,2.309,9702.0,5238.0,2328.0,74.6,1.49,1.91,0.62,0.67,1.4,1.75,0.22,False,sustained_trend,5.0,False,,,,,11,1.0,99.0,0.004747,0.0,157960.33436273897,0.0,170.694444,,10,0,0.652674,0.0,4,4,1,1,4,4,4,4,4,4,4,4,4,4,4,4,0.000882,0.0,0.757238,0.0,0.0,0.0,1.0,0.9386482190069231,0.9386482190069231,n/a,2026-04-22,2026-04-22,
SMMT,LONG,0.5837553440689649,5.837553440689649,6.65,6.1738,watchlist_reeval_failed,"confirmation_volume, not_extended, room_to_target, trend_aligned, trend_continuation",momentum_aligned,6.3,NEUTRAL,trend_continuation,,,26.0,20.0,15.61,11.07,66632.0,39189.0,0.588,19107.0,61088.0,25626.0,97.1,1.343,2.64,0.87,1.0,1.4,0.27,0.47,False,sustained_trend,5.0,False,,,,,1,1.0,99.0,4.9e-05,0.0,391679.41588744783,0.0,21.771014,6.218905,0,0,0.0,0.0,4,4,1,1,4,4,4,4,4,4,4,4,4,4,4,4,7e-06,0.0,0.381442,0.0,0.0,0.0,1.0,0.5837553440689649,0.5837553440689649,n/a,2026-04-22,2026-04-22,
SYF,LONG,0.5051813494761042,5.051813494761042,5.81,5.4089,watchlist_reeval_failed,"not_extended, room_to_target, trend_aligned, trend_continuation","confirmation_volume, momentum_aligned",5.7,NEUTRAL,trend_continuation,,,80.0,60.0,4.79,21.4,22384.0,37208.0,1.662,24128.0,17085.0,18379.0,40.9,0.338,2.18,0.79,1.0,1.4,0.3,0.14,False,sustained_trend,5.0,False,,,,,1,1.0,99.0,1.9e-05,0.0,7.661287415401311e-05,0.0,1666.666667,,0,0,0.0,0.0,4,4,1,1,4,4,4,4,4,4,4,4,4,4,4,4,0.0,0.0,0.326893,0.0,0.0,0.0,1.0,0.5051813494761042,0.5051813494761042,n/a,2026-04-22,2026-04-22,
SATS,LONG,0.3753598447001124,3.7535984470011243,5.2,4.9568,watchlist_reeval_failed,"not_extended, room_to_target, trend_aligned, trend_continuation","confirmation_volume, momentum_aligned",7.6,NEGATIVE,trend_continuation,-3964648.4,119.77,150.0,100.0,25.34,16.44,328169.0,146165.0,0.445,74846.0,211977.0,187511.0,76.6,0.658,1.66,0.8,0.88,1.4,0.32,0.14,False,default,2.5,False,,,,,3,1.0,8.536101779553879e-09,0.000257,0.0001,1.7578118014383785e-28,4.118535244387038e-20,2.79202,1.587619,0,0,0.477696,0.0,4,4,1,1,4,4,4,4,4,4,4,4,4,4,4,4,0.0,0.0,0.236975,0.063842,0.0,0.0,1.0,0.3753598447001124,0.3753598447001124,n/a,2026-04-22,2026-04-22,
EQT,LONG,0.14774822022019946,1.4774822022019944,4.5,3.8287,watchlist_reeval_failed,"momentum_aligned, not_extended, room_to_target, trend_continuation","confirmation_volume, trend_aligned",8.7,NEGATIVE,trend_continuation,-5598825.73,59.38,70.0,50.0,17.87,15.8,131708.0,208305.0,1.582,105946.0,112974.0,121093.0,40.9,0.357,0.0,0.98,0.5,1.4,1.38,0.23,False,default,2.5,False,,,,,2,1.0,99.0,1.9e-05,0.0,9.501040602179155e-07,0.0,,,0,0,0.000251,0.0,4,4,1,1,4,4,4,4,4,4,4,4,4,4,4,4,0.0,0.0,0.095698,0.0,0.0,0.0,1.0,0.14774822022019946,0.14774822022019946,n/a,2026-04-22,2026-04-22,
EQNR,SHORT,0.40062339956511667,4.006233995651167,4.03,4.3721,watchlist_reeval_failed,"ema_rally, momentum_aligned, not_extended, room_to_target","confirmation_volume, trend_aligned",5.8,NEUTRAL,ema_rally,,,40.0,24.0,5.07,36.96,48741.0,43296.0,0.888,21644.0,29287.0,41106.0,86.5,0.461,0.0,0.99,1.0,1.2,0.8,0.04,False,default,2.5,False,,,,,1,1.0,0.0,0.0,7e-06,0.0,22156.508175670613,,17.020833,0,0,0.0,0.0,4,4,1,1,4,4,4,4,4,4,4,4,4,4,4,4,0.0,0.0,0.0,0.432414,0.0,0.0,1.0,0.40062339956511667,0.40062339956511667,n/a,2026-04-22,2026-04-22,
IGV,SHORT,0.25343203140763554,2.5343203140763553,4.24,3.7192,watchlist_reeval_failed,"ema_rally, momentum_aligned, not_extended, room_to_target","confirmation_volume, trend_aligned",5.9,NEGATIVE,ema_rally,-78830817.39,85.54,90.0,80.0,5.18,6.51,845959.0,861097.0,1.018,606445.0,392145.0,708466.0,97.2,0.396,0.0,0.68,1.0,1.2,1.03,0.33,False,default,2.5,False,,,,,1,1.0,0.0,0.0,0.000258,0.0,1.4928013459830267,,1.676168,0,0,0.0,0.0,4,4,1,1,4,4,4,4,4,4,4,4,4,4,4,4,0.0,0.0,0.0,0.161042,0.0,0.0,1.0,0.25343203140763554,0.25343203140763554,n/a,2026-04-22,2026-04-22,
NOW,SHORT,0.17746057347910615,1.7746057347910615,5.16,3.6353,watchlist_reeval_failed,"confirmation_volume, momentum_aligned, not_extended, room_to_target, trend_aligned",continuation_pattern,6.0,NEGATIVE,unknown,-9512643.61,,100.0,60.0,8.82,34.71,617432.0,485254.0,0.786,317487.0,257577.0,527622.0,89.8,0.602,2.04,0.69,0.48,0.0,1.21,0.75,False,default,2.5,False,,,,,1,1.0,0.0,0.0,2e-06,0.0,0.000352881380952246,,1.258303,0,1,0.0,0.0,4,4,1,1,4,4,4,4,4,4,4,4,4,4,4,4,0.0,0.0,0.0,0.774521,0.0,0.0,1.0,0.17746057347910615,0.17746057347910615,n/a,2026-04-22,2026-04-22,
INTU,LONG,0.37074931330040817,3.707493133004082,4.31,4.2267,watchlist_reeval_failed,"momentum_aligned, not_extended, room_to_target, trend_continuation","confirmation_volume, trend_aligned",5.4,NEUTRAL,trend_continuation,,,500.0,300.0,27.62,23.43,63871.0,52749.0,0.826,28879.0,35240.0,52501.0,95.2,0.622,0.0,0.83,1.0,1.4,0.79,0.28,False,default,2.5,False,,,,,2,1.0,99.0,1e-05,0.0,5.574934767384924e-30,0.0,12.492674,,1,0,0.480327,0.0,4,4,1,1,4,4,1,1,4,4,4,4,4,4,4,4,0.0,0.0,0.512492,0.0,0.0,0.0,1.0,0.37074931330040817,0.37074931330040817,n/a,2026-04-23,2026-04-23,
EWZ,LONG,0.27050099602934163,2.7050099602934163,5.36,4.0405,watchlist_reeval_failed,"ema_pullback, not_extended, room_to_target, trend_aligned","confirmation_volume, momentum_aligned",5.4,POSITIVE,ema_pullback,151450180.37,40.11,45.0,25.0,12.19,37.67,3087980.0,1520245.0,0.492,508700.0,1680088.0,2419437.0,69.0,0.3,1.76,0.9,0.75,1.2,0.5,0.25,False,default,2.5,False,,,,,1,0.7,99.0,5.2e-05,0.0,6.988387228857677e-07,0.0,41.074468,,0,0,0.0,0.0,4,4,1,1,4,4,1,1,4,4,4,4,4,4,4,4,0.0,0.0,0.273707,0.0,0.0,0.0,1.0,0.27050099602934163,0.27050099602934163,n/a,2026-04-23,2026-04-23,
SMMT,SHORT,0.6814994530821066,6.814994530821066,3.94,5.5895,watchlist_reeval_failed,"confirmation_volume, momentum_aligned, not_extended, room_to_target","continuation_pattern, trend_aligned",5.0,NEUTRAL,unknown,,,26.0,20.0,15.61,11.07,66632.0,39189.0,0.588,19107.0,61088.0,25626.0,97.1,1.343,0.0,0.73,1.0,0.0,1.73,0.47,False,default,2.5,False,,,,,1,1.0,0.0,0.0,0.000105,0.0,1730932.246119547,,6.218905,0,0,0.0,0.0,4,4,1,1,4,4,1,1,4,4,4,4,4,4,4,4,0.0,1.4e-05,0.0,0.157717,0.0,0.0,1.0,0.6814994530821066,0.6814994530821066,n/a,2026-04-23,2026-04-23,
CAVA,SHORT,0.3167906179115428,3.1679061791154277,4.01,3.847,watchlist_reeval_failed,"bounce_and_fail, momentum_aligned, not_extended, room_to_target","confirmation_volume, trend_aligned",5.3,NEUTRAL,bounce_and_fail,,,135.0,65.0,42.96,31.17,73355.0,41538.0,0.566,16257.0,29865.0,68771.0,91.2,0.741,0.0,0.54,1.0,1.0,1.37,0.1,False,default,2.5,False,,,,,1,1.0,0.0,0.0,5.2e-05,0.0,4.4837216967592745e-13,,4.495536,0,0,0.0,0.0,4,4,1,1,4,4,1,1,4,4,4,4,4,4,4,4,0.0,0.0,0.0,0.377228,0.0,0.0,1.0,0.3167906179115428,0.3167906179115428,n/a,2026-04-23,2026-04-23,
UUUU,SHORT,0.30852732664947125,3.0852732664947125,4.05,3.9776,watchlist_reeval_failed,"confirmation_volume, momentum_aligned, not_extended, room_to_target","continuation_pattern, trend_aligned",6.1,POSITIVE,unknown,2871243.57,20.66,30.0,10.0,44.93,51.69,373139.0,127119.0,0.341,89461.0,118841.0,291956.0,36.4,0.938,0.0,0.85,1.0,0.0,1.66,0.55,False,default,2.5,False,,,,,1,1.0,0.0,0.0,0.000143,0.0,241.81856638410738,,31.903226,0,0,0.0,0.0,4,4,1,1,4,4,1,1,4,4,4,4,4,4,4,4,0.0,0.0,0.0,0.573293,0.0,0.0,1.0,0.30852732664947125,0.30852732664947125,n/a,2026-04-23,2026-04-23,
DVN,SHORT,0.27712524756915463,2.771252475691546,3.77,3.3766,watchlist_reeval_failed,"not_extended, retest_and_confirm, room_to_target","confirmation_volume, momentum_aligned, trend_aligned",4.3,POSITIVE,retest_and_confirm,19875449.44,,50.0,35.0,4.47,26.87,297622.0,135815.0,0.456,81569.0,175666.0,176202.0,92.9,0.414,0.0,0.83,1.0,1.4,0.5,0.03,False,default,2.5,False,,,,,2,1.0,10.805308980745988,1.2e-05,1.9e-05,2.720355592318029e-13,2.5176101832584696e-14,2.03287,3.963504,0,0,0.0,0.0,4,4,1,1,4,4,1,1,4,4,4,4,4,4,4,4,0.0,0.0,0.606992,0.554144,0.0,0.0,1.0,0.27712524756915463,0.27712524756915463,n/a,2026-04-23,2026-04-23,
CENX,LONG,0.49678584911212426,4.967858491121243,5.44,5.4359,watchlist_reeval_failed,"ema_pullback, momentum_aligned, not_extended, room_to_target, trend_aligned",confirmation_volume,6.6,NEUTRAL,ema_pullback,,,65.0,45.0,6.42,26.33,32983.0,11226.0,0.34,5123.0,26072.0,13014.0,78.0,0.821,1.55,0.99,0.66,1.2,1.03,0.0,False,default,2.5,False,,,,,1,1.0,99.0,0.000133,0.0,0.034258176439975925,0.0,26.338346,,0,0,0.0,0.0,4,4,1,1,4,4,1,1,4,4,4,4,4,4,4,4,0.0,0.0,0.196359,0.0,0.0,0.0,1.0,0.49678584911212426,0.49678584911212426,n/a,2026-04-23,2026-04-23,
XLI,LONG,0.3278720852059578,3.278720852059578,5.51,4.3524,watchlist_reeval_failed,"ema_pullback, momentum_aligned, not_extended, room_to_target, trend_aligned",confirmation_volume,5.3,NEGATIVE,ema_pullback,-1590329.1,172.16,180.0,145.0,4.56,15.77,102823.0,494122.0,4.806,158589.0,331751.0,106605.0,93.0,0.24,1.66,0.78,0.72,1.2,0.82,0.33,False,default,2.5,False,,,,,1,1.0,99.0,0.0,0.0,6.75834780144694e-13,0.0,1153.846154,,0,0,0.0,0.0,4,4,3,3,4,4,3,3,4,4,4,4,4,4,4,4,0.0,0.0,0.083392,0.0,0.0,0.0,1.0,0.3278720852059578,0.3278720852059578,n/a,2026-04-23,2026-04-23,
CCJ,LONG,0.2825926646834588,2.8259266468345876,5.46,4.151,watchlist_reeval_failed,"momentum_aligned, not_extended, room_to_target, trend_aligned, trend_continuation",confirmation_volume,5.5,NEGATIVE,trend_continuation,-9743254.94,120.89,140.0,90.0,15.75,25.59,162803.0,217989.0,1.339,148746.0,110245.0,121801.0,97.9,0.655,1.64,0.9,0.77,1.4,0.61,0.15,False,sustained_trend,5.0,False,,,,,3,1.0,0.08431178729860252,1.9e-05,9e-06,3.5142420690437985e-12,8.3363007276731e-11,2526.189815,9.015152,0,0,0.000126,0.0,4,4,1,1,4,4,1,1,4,4,4,4,4,4,4,4,0.0,0.0,0.007612,0.53211,0.0,0.0,1.0,0.2825926646834588,0.2825926646834588,n/a,2026-04-23,2026-04-23,
TLT,LONG,0.18987666975088557,1.8987666975088557,3.56,2.6774,watchlist_reeval_failed,"not_extended, pullback_to_support, room_to_target","confirmation_volume, momentum_aligned, trend_aligned",3.3,POSITIVE,pullback_to_support,295925467.17,86.35,90.0,85.0,4.23,1.56,4604627.0,2825575.0,0.614,1825817.0,1532338.0,4072047.0,11.6,0.101,0.0,0.75,1.0,1.4,0.24,0.17,False,default,2.5,False,,,,,1,1.0,99.0,1.5e-05,0.0,0.00183712088194839,0.0,2.08607,,0,0,0.0,0.0,4,4,1,1,4,4,1,1,4,4,4,4,4,4,4,4,0.0,0.0,0.521645,0.0,0.0,0.0,1.0,0.18987666975088557,0.18987666975088557,n/a,2026-04-23,2026-04-23,
DAVE,SHORT,0.2665420551196816,2.665420551196816,3.05,3.3077,watchlist_reeval_failed,"bounce_and_fail, momentum_aligned, room_to_target","confirmation_volume, not_extended, trend_aligned",5.3,NEUTRAL,bounce_and_fail,,,280.0,210.0,2.28,23.29,15535.0,8374.0,0.539,12700.0,4085.0,7124.0,74.0,0.769,0.0,0.0,1.0,1.0,1.05,0.0,True,default,2.5,False,,,,,1,1.0,0.0,0.0,0.000174,0.0,9.099348341843254e-05,,1.312336,0,0,0.0,0.0,4,4,1,1,4,4,1,1,4,4,4,4,4,4,4,4,0.0,0.0,0.0,0.303384,0.0,0.0,1.0,0.2665420551196816,0.2665420551196816,n/a,2026-04-23,2026-04-23,
SOFI,SHORT,0.20354964842297982,2.0354964842297982,4.57,3.1287,watchlist_reeval_failed,"confirmation_volume, ema_rally, momentum_aligned, not_extended, room_to_target",trend_aligned,3.7,POSITIVE,ema_rally,18453225.46,18.71,20.0,15.0,6.92,19.81,2676688.0,1415004.0,0.529,1039084.0,812345.0,2240263.0,80.0,0.698,0.0,0.68,1.0,1.2,1.16,0.54,False,default,2.5,False,,,,,1,1.0,0.0,0.0,0.000119,0.0,0.000588197783418934,,2.16299,0,0,0.0,0.0,4,4,1,1,4,4,1,1,4,4,4,4,4,4,4,4,0.0,0.0,0.0,0.237006,0.0,0.0,1.0,0.20354964842297982,0.20354964842297982,n/a,2026-04-23,2026-04-23,
CE,LONG,0.4715469531345713,4.715469531345713,5.31,5.0907,watchlist_reeval_failed,"momentum_aligned, not_extended, room_to_target, trend_aligned, trend_continuation",confirmation_volume,5.7,NEUTRAL,trend_continuation,,,75.0,60.0,15.53,7.58,28088.0,18488.0,0.658,18505.0,6963.0,21108.0,82.5,0.745,1.76,0.93,0.29,1.4,0.92,0.0,False,sustained_trend,5.0,False,,,,,1,1.0,99.0,0.000132,0.0,5.00633404864937e-07,0.0,3.78458,,0,0,0.0,0.0,4,4,1,1,4,4,1,1,4,4,4,4,4,4,4,4,0.0,0.0,0.125756,0.0,0.0,0.0,1.0,0.4715469531345713,0.4715469531345713,n/a,2026-04-23,2026-04-23,
TAN,LONG,0.6814994530821066,6.814994530821066,6.15,6.5125,watchlist_reeval_failed,"momentum_aligned, not_extended, room_to_target, trend_aligned, trend_continuation",confirmation_volume,6.3,NEUTRAL,trend_continuation,,,62.0,55.0,7.04,5.04,36103.0,22779.0,0.631,9389.0,22681.0,26812.0,85.7,0.428,1.67,0.77,0.57,1.4,1.49,0.25,False,sustained_trend,5.0,False,,,,,1,1.0,99.0,0.001323,0.0,1410718.1899176373,0.0,4367.0,,0,0,0.0,0.0,4,4,1,1,4,4,1,1,4,4,4,4,4,4,4,4,0.000341,0.0,0.366905,0.0,0.0,0.0,1.0,0.6814994530821066,0.6814994530821066,n/a,2026-04-23,2026-04-23,
FCEL,LONG,0.5328643840400182,5.328643840400183,6.08,5.7483,watchlist_reeval_failed,"confirmation_volume, momentum_aligned, not_extended, trend_aligned, trend_continuation",room_to_target,6.3,NEUTRAL,trend_continuation,,,13.0,7.0,28.21,30.97,64814.0,16897.0,0.261,18139.0,34925.0,28647.0,72.3,1.171,2.61,0.67,0.06,1.4,0.83,0.53,False,sustained_trend,5.0,False,,,,,1,1.0,99.0,0.001359,0.0,1261.699001072621,0.0,27.572549,,1,0,0.0,0.0,4,4,1,1,4,4,1,1,4,4,4,4,4,4,4,4,0.0,0.0,0.076847,0.0,0.0,0.0,1.0,0.5328643840400182,0.5328643840400182,n/a,2026-04-23,2026-04-23,
DOCU,LONG,0.5264522525615076,5.264522525615076,4.44,5.2643,watchlist_reeval_failed,"momentum_aligned, not_extended, room_to_target, trend_continuation","confirmation_volume, trend_aligned",6.5,NEUTRAL,trend_continuation,,,50.0,30.0,7.25,35.65,64600.0,53826.0,0.833,20416.0,36955.0,61055.0,69.5,0.569,0.0,0.98,1.0,1.4,1.06,0.0,False,default,2.5,False,,,,,1,1.0,99.0,0.000127,0.0,8.229680944388885e-23,0.0,19.545045,,1,0,0.0,0.0,4,4,1,1,4,4,1,1,4,4,4,4,4,4,4,4,0.0,0.0,0.330483,0.0,0.0,0.0,1.0,0.5264522525615076,0.5264522525615076,n/a,2026-04-23,2026-04-23,
ORA,LONG,0.5114994530821066,5.1149945308210665,4.23,4.9465,watchlist_reeval_failed,"momentum_aligned, not_extended, support_ema_confluence","confirmation_volume, room_to_target, trend_aligned",5.6,NEUTRAL,support_ema_confluence,,,120.0,105.0,5.88,7.35,18174.0,7725.0,0.425,12753.0,8804.0,4342.0,78.3,0.396,0.0,0.84,0.05,1.6,1.74,0.0,False,default,2.5,False,,,,,1,1.0,99.0,9.9e-05,0.0,3.315758437132948e-07,0.0,20.689655,,0,0,0.0,0.0,4,4,1,1,4,4,1,1,4,4,4,4,4,4,4,4,0.0,0.0,0.250847,0.0,0.0,0.0,1.0,0.5114994530821066,0.5114994530821066,n/a,2026-04-23,2026-04-23,
EXPE,LONG,0.4594418897568561,4.594418897568561,5.28,4.9812,watchlist_reeval_failed,"not_extended, room_to_target, trend_aligned, trend_continuation","confirmation_volume, momentum_aligned",5.5,NEUTRAL,trend_continuation,,,270.0,230.0,8.4,7.66,26881.0,33367.0,1.241,13585.0,18983.0,27680.0,99.4,0.655,1.83,0.99,0.89,1.4,0.17,0.0,False,sustained_trend,5.0,False,,,,,2,1.0,1.3936820873658663e-19,6.4e-05,2e-05,3.657598566597958e-21,0.02624413845707822,9.722222,42.0,0,0,0.0,0.0,4,4,1,1,4,4,1,1,4,4,4,4,4,4,4,4,0.0,0.0,0.464026,0.414665,0.0,0.0,1.0,0.4594418897568561,0.4594418897568561,n/a,2026-04-23,2026-04-23,
PL,LONG,0.44960685739441136,4.496068573944114,4.95,5.153,watchlist_reeval_failed,"ema_pullback, not_extended, room_to_target, trend_aligned","confirmation_volume, momentum_aligned",7.1,NEGATIVE,ema_pullback,-911267.37,34.08,45.0,20.0,32.04,41.31,146136.0,105271.0,0.72,95378.0,45224.0,110805.0,63.6,1.009,1.86,0.88,0.73,1.2,0.11,0.17,False,default,2.5,False,,,,,1,1.0,99.0,7.4e-05,0.0,530358.269037456,0.0,49.46,,0,0,0.0,0.0,4,4,1,1,4,4,1,1,4,4,4,4,4,4,4,4,2e-06,0.0,0.052878,0.0,0.0,0.0,1.0,0.44960685739441136,0.44960685739441136,n/a,2026-04-23,2026-04-23,
OXY,LONG,0.2988812767822087,2.988812767822087,6.52,4.2904,watchlist_reeval_failed,"momentum_aligned, not_extended, room_to_target, trend_aligned, trend_continuation",confirmation_volume,4.2,POSITIVE,trend_continuation,38633883.43,57.05,60.0,40.0,5.13,29.91,636974.0,303118.0,0.476,253988.0,174976.0,511128.0,91.6,0.413,1.71,0.88,1.0,1.4,1.49,0.04,False,default,2.5,False,,,,,1,1.0,99.0,1e-05,0.0,5.848175002300569e-29,0.0,45.876923,,1,0,0.0,0.0,4,4,1,1,4,4,1,1,4,4,4,4,4,4,4,4,0.0,0.0,0.345798,0.0,0.0,0.0,1.0,0.2988812767822087,0.2988812767822087,n/a,2026-04-23,2026-04-23,
AXON,LONG,0.2883217809163726,2.8832178091637264,4.8,3.9616,watchlist_reeval_failed,"momentum_aligned, not_extended, room_to_target, trend_continuation","confirmation_volume, trend_aligned",5.4,NEUTRAL,trend_continuation,,,500.0,400.0,24.08,0.74,23442.0,24663.0,1.052,8450.0,8853.0,30802.0,96.1,0.827,0.0,0.92,1.0,1.4,1.42,0.07,False,default,2.5,False,,,,,1,1.0,99.0,8e-06,0.0,7.494801345864244e-15,0.0,8.823529,,0,0,0.0,0.0,4,4,1,1,4,4,1,1,4,4,4,4,4,4,4,4,0.0,0.0,0.438039,0.0,0.0,0.0,1.0,0.2883217809163726,0.2883217809163726,n/a,2026-04-23,2026-04-23,
HTZ,SHORT,0.5680188843244165,5.680188843244165,4.55,5.5651,watchlist_reeval_failed,"momentum_aligned, not_extended, resistance_ema_confluence, room_to_target","confirmation_volume, trend_aligned",6.8,NEGATIVE,resistance_ema_confluence,-450549.78,,9.0,5.0,58.87,11.74,349851.0,646617.0,1.848,323355.0,259211.0,413902.0,88.1,1.144,0.0,0.73,0.27,1.6,1.91,0.04,False,default,2.5,False,,,,,3,1.0,0.0,0.0,0.00172,0.0,2684.2388727353587,,7.349799,0,0,0.0,0.408478,4,4,1,1,4,4,1,1,4,4,4,4,4,4,4,4,0.0,0.0,0.0,0.015557,0.0,0.0,1.0,0.5680188843244165,0.5680188843244165,n/a,2026-04-23,2026-04-23,
EEFT,SHORT,0.5270550086376622,5.2705500863766215,3.08,4.5993,watchlist_reeval_failed,"momentum_aligned, not_extended, room_to_target","confirmation_volume, continuation_pattern, trend_aligned",5.2,NEUTRAL,unknown,,,75.0,70.0,0.21,6.47,3222.0,3441.0,1.068,3752.0,1183.0,1728.0,96.5,0.503,0.0,0.64,0.91,0.0,1.52,0.0,False,default,2.5,False,,,,,2,1.0,0.0,0.0,0.000285,0.0,16.979640915288343,,259.269231,0,0,0.0,0.0,4,4,1,1,4,4,1,1,4,4,4,4,4,4,4,4,0.0,0.0,0.0,0.539135,0.0,0.0,1.0,0.5270550086376622,0.5270550086376622,n/a,2026-04-23,2026-04-23,
NTRA,SHORT,0.5114994530821066,5.1149945308210665,3.81,4.6405,watchlist_reeval_failed,"ema_rally, momentum_aligned, not_extended, room_to_target","confirmation_volume, trend_aligned",4.7,NEUTRAL,ema_rally,,,220.0,190.0,6.94,7.64,15396.0,10254.0,0.666,14575.0,1905.0,9170.0,98.5,0.759,0.0,0.92,0.73,1.2,0.71,0.25,False,default,2.5,False,,,,,1,1.0,0.0,0.0,7.5e-05,0.0,2.349840350949935e-10,,104.565217,0,0,0.0,0.0,4,4,1,1,4,4,1,1,4,4,4,4,4,4,4,4,0.0,0.0,0.0,0.426481,0.0,0.0,1.0,0.5114994530821066,0.5114994530821066,n/a,2026-04-23,2026-04-23,
CTRA,SHORT,0.49817099336386267,4.981709933638626,3.74,4.0129,watchlist_reeval_failed,"not_extended, retest_and_confirm, room_to_target","confirmation_volume, momentum_aligned, trend_aligned",2.0,NEUTRAL,retest_and_confirm,,,36.0,33.0,7.53,1.43,99472.0,17396.0,0.175,56486.0,31740.0,28642.0,95.2,0.406,0.0,0.82,1.0,1.4,0.49,0.03,False,default,2.5,False,,,,,1,1.0,0.0,0.0,1.6e-05,0.0,3.893252139670914e-06,,517.241379,0,0,0.0,0.0,4,4,1,1,4,4,1,1,4,4,4,4,4,4,4,4,0.0,0.0,0.0,0.269073,0.0,0.0,1.0,0.49817099336386267,0.49817099336386267,n/a,2026-04-23,2026-04-23,
LYV,SHORT,0.48677712448476357,4.867771244847636,3.77,4.6249,watchlist_reeval_failed,"ema_rally, momentum_aligned, not_extended, room_to_target","confirmation_volume, trend_aligned",5.3,NEUTRAL,ema_rally,,,180.0,120.0,15.52,22.99,76453.0,74187.0,0.97,17036.0,31229.0,102375.0,90.3,0.413,0.0,0.93,1.0,1.2,0.64,0.0,False,default,2.5,False,,,,,2,1.0,0.0,0.0,5.3e-05,0.0,0.016134907722781013,,351.886905,0,0,0.0,0.0,4,4,1,1,4,4,1,1,4,4,4,4,4,4,4,4,0.0,0.0,0.0,0.340602,0.0,0.0,1.0,0.48677712448476357,0.48677712448476357,n/a,2026-04-23,2026-04-23,
MOH,SHORT,0.4814230565342464,4.814230565342464,1.24,3.5791,watchlist_reeval_failed,room_to_target,"confirmation_volume, continuation_pattern, momentum_aligned, not_extended, trend_aligned",4.0,NEUTRAL,unknown,,,180.0,175.0,1.05,1.76,13470.0,17410.0,1.293,7053.0,9599.0,14228.0,17.5,0.454,0.0,0.0,1.0,0.0,0.03,0.21,True,default,2.5,False,,,,,1,1.0,0.0,0.0,9e-05,0.0,9.193502660963676e-28,,93.75,0,0,0.0,0.0,4,4,1,1,4,4,1,1,4,4,4,4,4,4,4,4,0.0,0.0,0.0,0.340818,0.0,0.0,1.0,0.4814230565342464,0.4814230565342464,n/a,2026-04-23,2026-04-23,
CHTR,SHORT,0.39321282031724203,3.9321282031724203,6.56,5.3941,watchlist_reeval_failed,"confirmation_volume, momentum_aligned, not_extended, trend_aligned, trend_continuation",room_to_target,7.3,NEUTRAL,trend_continuation,,,400.0,160.0,126.41,9.44,79003.0,61013.0,0.772,25364.0,37587.0,77065.0,50.8,0.471,1.88,0.32,0.0,1.4,1.96,1.0,False,sustained_trend,5.0,False,,,,,2,1.0,99.0,1.2e-05,4.9e-05,157216.831061932,1.7914576677588738e-21,9.605405,6.980132,0,0,0.0,0.0,4,4,1,1,4,4,1,1,4,4,4,4,4,4,4,4,3e-06,0.0,0.52301,0.580354,0.0,0.0,1.0,0.39321282031724203,0.39321282031724203,n/a,2026-04-23,2026-04-23,
INFQ,SHORT,0.372329177704847,3.72329177704847,5.54,4.7236,watchlist_reeval_failed,"confirmation_volume, momentum_aligned, not_extended, retest_and_confirm, room_to_target",trend_aligned,6.0,NEUTRAL,retest_and_confirm,,,20.0,10.0,55.76,22.12,100147.0,86388.0,0.863,91720.0,37031.0,57784.0,64.1,1.187,0.0,0.9,0.82,1.4,1.95,0.47,False,default,2.5,False,,,,,1,1.0,0.0,0.0,0.000177,0.0,16913.861320029395,,1.723404,0,0,0.0,0.0,4,4,1,1,4,4,1,1,4,4,4,4,4,4,4,4,0.0,3e-06,0.0,0.520879,0.0,0.0,1.0,0.372329177704847,0.372329177704847,n/a,2026-04-23,2026-04-23,
AR,SHORT,0.35298674812852343,3.529867481285234,5.93,4.8039,watchlist_reeval_failed,"momentum_aligned, not_extended, retest_and_confirm, room_to_target, trend_aligned",confirmation_volume,6.3,NEUTRAL,retest_and_confirm,,,50.0,31.0,32.17,18.05,84704.0,141202.0,1.667,112230.0,63368.0,50308.0,70.1,0.456,1.62,0.82,1.0,1.4,0.92,0.17,False,default,2.5,False,,,,,2,1.0,99.0,2.7e-05,4.4e-05,127652.78210031477,1.706628807307283e-20,29500.0,3.135731,0,0,0.0,0.0,4,4,1,1,4,4,1,1,4,4,4,4,4,4,4,4,0.0,0.0,0.032448,0.255527,0.0,0.0,1.0,0.35298674812852343,0.35298674812852343,n/a,2026-04-23,2026-04-23,
GDX,SHORT,0.3278720852059578,3.278720852059578,6.52,5.2754,watchlist_reeval_failed,"momentum_aligned, not_extended, room_to_target, trend_aligned, trend_continuation",confirmation_volume,8.4,NEGATIVE,trend_continuation,-4493469.88,,100.0,75.0,8.3,18.78,866709.0,940821.0,1.086,419590.0,494131.0,893809.0,62.5,0.468,1.66,0.85,1.0,1.4,1.48,0.12,False,sustained_trend,5.0,False,,,,,1,1.0,0.0,0.0,0.0,0.0,1.7924002143805036e-20,,6.822835,0,0,0.0,0.0,4,4,3,3,4,4,3,3,4,4,4,4,4,4,4,4,0.0,0.0,0.0,0.444452,0.0,0.0,1.0,0.3278720852059578,0.3278720852059578,n/a,2026-04-23,2026-04-23,
CIFR,SHORT,0.20892656327716674,2.089265632771667,5.29,3.7316,watchlist_reeval_failed,"momentum_aligned, not_extended, retest_and_confirm, room_to_target","confirmation_volume, trend_aligned",5.5,POSITIVE,retest_and_confirm,4131613.62,17.96,20.0,10.0,11.36,44.32,877894.0,424420.0,0.483,321725.0,235197.0,745392.0,52.3,1.155,0.0,0.78,1.0,1.4,1.85,0.26,False,default,2.5,False,,,,,2,1.0,0.0002027984330371785,6.5e-05,0.000105,0.01751563829444193,86.36969246814068,1.477337,2.148952,0,0,0.0,0.0,4,4,1,1,4,4,1,1,4,4,4,4,4,4,4,4,0.0,0.0,0.071666,0.375759,0.0,0.0,1.0,0.20892656327716674,0.20892656327716674,n/a,2026-04-23,2026-04-23,
NBIS,SHORT,0.19758911992210773,1.9758911992210773,5.78,3.9619,watchlist_reeval_failed,"confirmation_volume, momentum_aligned, not_extended, retest_and_confirm, room_to_target",trend_aligned,6.2,NEGATIVE,retest_and_confirm,-1807905.43,,200.0,10.0,42.54,92.87,378154.0,323624.0,0.856,222489.0,132719.0,346570.0,81.2,1.015,0.0,0.96,1.0,1.4,1.88,0.54,False,consolidation_break,3.0,False,,,,,1,1.0,0.0,0.0,1.7e-05,0.0,6.508130099548591e-05,,2.156105,0,0,0.0,0.0,4,4,1,1,4,4,1,1,4,4,4,4,4,4,4,4,0.0,0.0,0.0,0.015632,0.0,0.0,1.0,0.19758911992210773,0.19758911992210773,n/a,2026-04-23,2026-04-23,
U,LONG,0.30424695981312877,3.0424695981312877,6.43,4.2902,watchlist_reeval_failed,"momentum_aligned, not_extended, room_to_target, trend_aligned, trend_continuation",confirmation_volume,4.2,POSITIVE,trend_continuation,4281085.68,26.53,30.0,20.0,13.12,24.59,370071.0,204319.0,0.552,178440.0,105484.0,290466.0,89.0,0.893,1.92,0.32,1.0,1.4,1.69,0.09,False,default,2.5,False,,,,,1,1.0,99.0,7.5e-05,0.0,1.6638556362323378e-05,0.0,17.873832,,0,0,0.0,0.0,4,4,1,1,4,4,1,1,4,4,4,4,4,4,4,4,0.0,0.0,0.263663,0.0,0.0,0.0,1.0,0.30424695981312877,0.30424695981312877,n/a,2026-04-24,2026-04-24,
CAT,LONG,0.20601440991757244,2.0601440991757243,5.65,3.6651,watchlist_reeval_failed,"momentum_aligned, not_extended, trend_aligned, trend_continuation","confirmation_volume, room_to_target",4.7,NEUTRAL,trend_continuation,,,900.0,700.0,9.15,15.11,102731.0,125692.0,1.224,70244.0,55879.0,102300.0,92.1,0.44,2.09,0.63,0.15,1.4,1.13,0.24,False,sustained_trend,5.0,False,,,,,2,1.0,99.0,2e-06,0.0,2.379477967520868e-07,0.0,1.835526,,0,0,0.0,0.0,4,4,1,1,4,4,1,1,4,4,4,4,4,4,4,4,0.0,0.0,0.32078,0.0,0.0,0.0,1.0,0.20601440991757244,0.20601440991757244,n/a,2026-04-24,2026-04-24,
DG,SHORT,0.49513831544772274,4.951383154477227,6.93,5.9147,watchlist_reeval_failed,"momentum_aligned, not_extended, room_to_target, trend_aligned, trend_continuation",confirmation_volume,6.8,NEUTRAL,trend_continuation,,,145.0,110.0,22.11,7.37,42470.0,48957.0,1.153,20356.0,32691.0,38380.0,67.9,0.393,2.06,0.79,1.0,1.4,1.6,0.08,False,sustained_trend,5.0,False,,,,,1,1.0,0.0,0.0,7.6e-05,0.0,4.887784870972002e-22,,4.862237,0,0,0.0,0.0,4,4,1,1,4,4,1,1,4,4,4,4,4,4,4,4,0.0,0.0,0.0,0.385257,0.0,0.0,1.0,0.49513831544772274,0.49513831544772274,n/a,2026-04-24,2026-04-24,
XLE,SHORT,0.272039296,2.72039296,4.19,4.1972,watchlist_reeval_failed,"momentum_aligned, not_extended, retest_and_confirm, room_to_target","confirmation_volume, trend_aligned",7.9,NEGATIVE,retest_and_confirm,-71776849.79,,60.0,45.0,5.69,20.73,1732343.0,2978309.0,1.719,591522.0,1524012.0,2595118.0,80.4,0.273,0.0,0.89,1.0,1.4,0.66,0.24,False,default,2.5,False,,,,,1,1.0,0.0,0.0,0.0,0.0,199.1478319265836,,1.485872,0,0,0.0,0.0,4,4,3,3,4,4,3,3,4,4,4,4,4,4,4,4,0.0,0.0,0.0,0.483158,0.0,0.0,1.0,0.272039296,0.272039296,n/a,2026-04-24,2026-04-24,
LITE,LONG,0.3323058817829109,3.323058817829109,5.76,4.3295,watchlist_reeval_failed,"confirmation_volume, ema_pullback, momentum_aligned, not_extended, room_to_target, trend_aligned",none,4.7,NEUTRAL,ema_pullback,,,890.0,800.0,5.18,5.46,73003.0,80846.0,1.107,50541.0,45397.0,57911.0,88.1,1.107,1.92,0.92,0.47,1.2,0.61,0.64,False,default,2.5,False,,,,,7,1.0,99.0,0.000105,5.2e-05,480.05356394055434,8.036729740243063e-06,34.375,6.2475,1,0,0.0,0.277727,4,4,1,1,4,4,1,1,4,4,4,4,4,4,4,4,0.0,0.0,0.001432,0.8145,0.0,0.0,1.0,0.3323058817829109,0.3323058817829109,n/a,2026-04-24,2026-04-24,
ORCL,LONG,0.3037559865041824,3.037559865041824,6.02,4.7448,watchlist_reeval_failed,"not_extended, room_to_target, trend_aligned, trend_continuation","confirmation_volume, momentum_aligned",7.1,NEGATIVE,trend_continuation,-22404899.61,171.03,200.0,150.0,16.93,12.3,1297137.0,1059363.0,0.817,656954.0,595301.0,1104245.0,66.6,0.554,2.14,0.86,1.0,1.4,0.3,0.33,False,sustained_trend,5.0,False,,,,,1,1.0,99.0,1e-06,0.0,2522.3240366329605,0.0,14.0,,1,0,0.0,0.0,4,4,1,1,4,4,1,1,4,4,4,4,4,4,4,4,0.0,0.0,0.499918,0.0,0.0,0.0,1.0,0.3037559865041824,0.3037559865041824,n/a,2026-04-24,2026-04-24,
MCHP,LONG,0.29220414140923523,2.9220414140923525,6.56,4.349,watchlist_reeval_failed,"confirmation_volume, momentum_aligned, not_extended, room_to_target, trend_aligned, trend_continuation",none,4.6,POSITIVE,trend_continuation,3498516.57,85.92,120.0,62.5,39.66,27.26,223968.0,108183.0,0.483,33229.0,170836.0,128086.0,97.1,0.594,2.8,0.46,0.59,1.4,0.95,0.37,False,sustained_trend,5.0,False,,,,,1,1.0,99.0,1.7e-05,0.0,2.3781011036951505e-22,0.0,1.597451,,0,0,0.0,0.0,4,4,1,1,4,4,1,1,4,4,4,4,4,4,4,4,0.0,0.0,0.442268,0.0,0.0,0.0,1.0,0.29220414140923523,0.29220414140923523,n/a,2026-04-24,2026-04-24,
RDDT,LONG,0.2799537259659537,2.799537259659537,6.22,4.1058,watchlist_reeval_failed,"confirmation_volume, momentum_aligned, not_extended, retest_and_confirm, room_to_target, trend_aligned",none,4.2,POSITIVE,retest_and_confirm,8721405.15,161.68,220.0,115.0,36.37,28.72,217269.0,179665.0,0.827,76893.0,75629.0,244412.0,78.2,0.861,1.68,0.55,1.0,1.4,1.24,0.35,False,default,2.5,False,,,,,1,1.0,99.0,2.7e-05,0.0,9.290951078790566e-24,0.0,12.844828,,0,0,0.0,0.0,4,4,1,1,4,4,1,1,4,4,4,4,4,4,4,4,0.0,0.0,0.167754,0.0,0.0,0.0,1.0,0.2799537259659537,0.2799537259659537,n/a,2026-04-24,2026-04-24,
BMNR,LONG,0.22545523588180225,2.2545523588180223,3.35,2.8723,watchlist_reeval_failed,"confirmation_volume, not_extended, room_to_target, trend_continuation","momentum_aligned, trend_aligned",3.7,POSITIVE,trend_continuation,7043874.62,21.53,30.0,20.0,39.35,7.1,1043969.0,452042.0,0.433,482257.0,249726.0,764028.0,0.0,0.829,0.0,0.97,0.51,1.4,0.1,0.38,False,default,2.5,False,,,,,1,0.7,99.0,9.3e-05,0.0,65013.9074722867,0.0,2.739009,,0,0,0.0,0.0,4,4,1,1,4,4,1,1,4,4,4,4,4,4,4,4,1e-06,0.0,0.105305,0.0,0.0,0.0,1.0,0.22545523588180225,0.22545523588180225,n/a,2026-04-24,2026-04-24,
WDAY,LONG,0.22064352943046645,2.2064352943046646,3.89,3.4902,watchlist_reeval_failed,"momentum_aligned, not_extended, retest_and_confirm, room_to_target","confirmation_volume, trend_aligned",6.1,NEUTRAL,retest_and_confirm,,,200.0,100.0,67.07,16.46,85084.0,57120.0,0.671,29692.0,32664.0,79848.0,100.0,0.738,0.0,0.73,1.0,1.4,0.63,0.13,False,default,2.5,False,,,,,1,1.0,99.0,2.9e-05,0.0,14.388214094259594,0.0,1.930159,,0,0,0.0,0.0,4,4,1,1,4,4,1,1,4,4,4,4,4,4,4,4,0.0,0.0,0.461269,0.0,0.0,0.0,1.0,0.22064352943046645,0.22064352943046645,n/a,2026-04-24,2026-04-24,
CEG,LONG,0.17950719609694235,1.7950719609694235,4.87,3.2985,watchlist_reeval_failed,"momentum_aligned, not_extended, room_to_target, trend_continuation","confirmation_volume, trend_aligned",4.7,NEUTRAL,trend_continuation,,,350.0,200.0,12.3,35.83,86379.0,119074.0,1.379,70197.0,61503.0,73753.0,92.9,0.585,0.0,0.56,1.0,1.4,1.67,0.24,False,consolidation_break,3.0,False,,,,,1,0.7,99.0,5e-06,0.0,440198.01377919444,0.0,1.892857,,0,0,0.0,0.0,4,4,1,1,4,4,1,1,4,4,4,4,4,4,4,4,1e-06,0.0,0.217091,0.0,0.0,0.0,1.0,0.17950719609694235,0.17950719609694235,n/a,2026-04-24,2026-04-24,
SPY,SHORT,0.35125440469841274,3.5125440469841274,1.23,3.6253,watchlist_reeval_failed,room_to_target,"confirmation_volume, continuation_pattern, momentum_aligned, not_extended, trend_aligned",7.5,NEGATIVE,unknown,-4878497.56,,800.0,600.0,12.17,15.87,5542399.0,12100967.0,2.183,7882050.0,4739595.0,5021721.0,67.8,0.161,0.0,0.0,1.0,0.0,0.21,0.02,True,default,2.5,False,,,,,2,1.0,0.0,0.0,0.0,0.0,1155.2286030664536,,2.022669,0,0,0.0,0.480203,4,4,3,3,4,4,3,3,4,4,4,4,4,4,4,4,0.0,0.0,0.0,0.377635,0.0,0.0,1.0,0.35125440469841274,0.35125440469841274,n/a,2026-04-24,2026-04-24,
CVNA,SHORT,0.2631456341540499,2.631456341540499,1.96,3.1237,watchlist_reeval_failed,"not_extended, room_to_target","confirmation_volume, continuation_pattern, momentum_aligned, trend_aligned",6.1,NEGATIVE,unknown,-4838686.84,,600.0,200.0,46.35,51.22,167252.0,140910.0,0.843,82058.0,76117.0,149987.0,83.6,0.852,0.0,0.21,1.0,0.0,0.59,0.16,False,default,2.5,False,,,,,1,0.7,0.0,0.0,5e-06,0.0,8.318275001278642e-05,,9.722222,0,0,0.0,0.0,4,4,1,1,4,4,1,1,4,4,4,4,4,4,4,4,0.0,0.0,0.0,0.095211,0.0,0.0,1.0,0.2631456341540499,0.2631456341540499,n/a,2026-04-24,2026-04-24,
TEAM,SHORT,0.19937469402264868,1.9937469402264867,6.04,3.6689,watchlist_reeval_failed,"ema_rally, momentum_aligned, not_extended, room_to_target, trend_aligned",confirmation_volume,4.3,NEUTRAL,ema_rally,,,100.0,50.0,41.98,29.01,100886.0,71269.0,0.706,56391.0,44660.0,71104.0,98.4,0.984,1.72,0.87,0.99,1.2,1.03,0.23,False,default,2.5,False,,,,,1,1.0,0.0,0.0,7.6e-05,0.0,9.230358426969711e-07,,1.432015,0,0,0.0,0.0,4,4,1,1,4,4,1,1,4,4,4,4,4,4,4,4,0.0,0.0,0.0,0.341933,0.0,0.0,1.0,0.19937469402264868,0.19937469402264868,n/a,2026-04-24,2026-04-24,
SNDK,LONG,0.16608101331870567,1.6608101331870566,7.79,3.8474,"wall_proximity (1.7%, 0.3 ATR)","confirmation_volume, momentum_aligned, not_extended, room_to_target, trend_aligned, trend_continuation",none,3.4,NEGATIVE,trend_continuation,-2019723.04,1061.7,1080.0,250.0,1.72,76.45,251116.0,258294.0,1.029,179021.0,99057.0,231332.0,93.3,1.16,2.52,0.39,1.0,1.4,1.97,0.51,False,sustained_trend,5.0,False,,,,,2,1.0,0.527079214827763,1.7e-05,4e-06,11417.970528649512,21662.72204905791,1.647541,1.317073,0,0,0.0,0.0,4,4,1,1,4,4,1,1,4,4,4,4,4,4,4,4,0.0,0.0,0.792956,0.504428,0.0,0.0,1.0,0.16608101331870567,0.16608101331870567,n/a,2026-04-24,2026-04-24,
ON,SHORT,0.32521229658445133,3.252122965844513,3.04,3.4381,watchlist_reeval_failed,"confirmation_volume, room_to_target, shooting_star_at_resistance","momentum_aligned, not_extended, trend_aligned",4.5,NEUTRAL,unknown,,,105.0,50.0,7.61,48.76,106142.0,75317.0,0.71,64801.0,50671.0,65987.0,98.0,0.71,0.0,0.0,1.0,1.2,0.35,0.49,True,default,2.5,False,,,,,1,1.0,0.0,0.0,1.6e-05,0.0,132.69235596791353,,14.234694,0,0,0.0,0.0,4,4,1,1,4,4,1,1,4,4,4,4,4,4,4,4,0.0,0.0,0.0,0.188261,0.0,0.0,1.0,0.32521229658445133,0.32521229658445133,n/a,2026-04-24,2026-04-24,
PBR,LONG,0.323290418305991,3.23290418305991,6.19,4.2735,watchlist_reeval_failed,"momentum_aligned, not_extended, room_to_target, trend_aligned, trend_continuation",confirmation_volume,4.0,POSITIVE,trend_continuation,12406360.5,21.21,25.0,10.0,17.84,52.86,759049.0,826822.0,1.089,149781.0,321522.0,1114568.0,94.7,0.412,2.02,0.86,0.25,1.4,1.44,0.21,False,sustained_trend,5.0,False,,,,,1,1.0,99.0,4e-06,0.0,376477.462563858,0.0,9.518189,,1,0,0.0,0.0,4,4,1,1,4,4,1,1,4,4,4,4,4,4,4,4,1e-06,0.0,0.503891,0.0,0.0,0.0,1.0,0.323290418305991,0.323290418305991,n/a,2026-04-24,2026-04-24,
VRT,SHORT,0.2646694708705344,2.646694708705344,3.6,3.8633,watchlist_reeval_failed,"bounce_and_fail, confirmation_volume, momentum_aligned, not_extended, room_to_target",trend_aligned,7.3,NEGATIVE,bounce_and_fail,-1351515.53,319.5,350.0,220.0,9.55,31.14,210704.0,216400.0,1.027,132677.0,122258.0,172169.0,67.1,0.665,0.0,0.37,1.0,1.0,0.64,0.59,False,default,2.5,False,,,,,2,1.0,99.0,3e-06,8e-06,936.7761984255108,0.00026605332586498575,182.958333,4.735915,0,0,0.0,0.0,4,4,1,1,4,4,1,1,4,4,4,4,4,4,4,4,0.0,0.0,0.003145,0.162898,0.0,0.0,1.0,0.2646694708705344,0.2646694708705344,n/a,2026-04-24,2026-04-24,
HUT,LONG,0.2955415233368789,2.9554152333687886,3.45,4.1527,watchlist_reeval_failed,"not_extended, room_to_target, trend_aligned","confirmation_volume, continuation_pattern, momentum_aligned",8.2,NEUTRAL,unknown,,,100.0,35.0,33.49,53.28,134313.0,64245.0,0.478,52358.0,58209.0,87991.0,52.9,1.037,2.28,0.48,0.46,0.0,0.17,0.05,False,default,2.5,False,,,,,1,1.0,99.0,0.00015,0.0,4.4179534135303514e-08,0.0,2.684549,,0,0,0.0,0.0,4,4,1,1,4,4,1,1,4,4,4,4,4,4,4,4,0.0,0.0,0.459926,0.0,0.0,0.0,1.0,0.2955415233368789,0.2955415233368789,n/a,2026-04-24,2026-04-24,
QBTS,LONG,0.243945730298456,2.43945730298456,3.64,3.3917,watchlist_reeval_failed,"not_extended, room_to_target, trend_continuation","confirmation_volume, momentum_aligned, trend_aligned",5.4,POSITIVE,trend_continuation,452921.03,18.12,30.0,5.0,65.43,72.43,290564.0,203118.0,0.699,128912.0,104677.0,260093.0,61.9,1.041,0.0,0.99,1.0,1.4,0.12,0.13,False,default,2.5,False,,,,,1,1.0,99.0,3.6e-05,0.0,2.496426418720547e-06,0.0,2.417592,,0,0,0.0,0.0,4,4,1,1,4,4,1,1,4,4,4,4,4,4,4,4,0.0,0.0,0.109074,0.0,0.0,0.0,1.0,0.243945730298456,0.243945730298456,n/a,2026-04-24,2026-04-24,
SCHW,SHORT,0.3047190480994228,3.047190480994228,5.36,4.6516,watchlist_reeval_failed,"momentum_aligned, not_extended, trend_aligned, trend_continuation","confirmation_volume, room_to_target",7.6,NEGATIVE,trend_continuation,-21669835.71,,100.0,85.0,10.53,6.05,211103.0,262793.0,1.245,169253.0,119527.0,185116.0,56.7,0.29,1.92,0.81,0.0,1.4,1.17,0.06,False,sustained_trend,5.0,False,,,,,1,1.0,0.0,0.0,3e-06,0.0,355984.9938705348,,3.177936,0,0,0.0,0.0,4,4,1,1,4,4,1,1,4,4,4,4,4,4,4,4,0.0,1e-06,0.0,0.350784,0.0,0.0,1.0,0.3047190480994228,0.3047190480994228,n/a,2026-04-24,2026-04-24,
MO,SHORT,0.2541510723845256,2.5415107238452563,4.58,3.4848,watchlist_reeval_failed,"momentum_aligned, not_extended, room_to_target, trend_continuation","confirmation_volume, trend_aligned",4.2,POSITIVE,trend_continuation,6603444.6,65.84,70.0,60.0,6.27,8.91,149382.0,129880.0,0.869,65698.0,82193.0,131371.0,97.6,0.274,0.0,0.99,1.0,1.4,0.94,0.25,False,default,2.5,False,,,,,1,0.7,0.0,0.0,5e-06,0.0,1.1158621123716594e-15,,4.50774,0,0,0.0,0.0,4,4,1,1,4,4,1,1,4,4,4,4,4,4,4,4,0.0,0.0,0.0,0.466527,0.0,0.0,1.0,0.2541510723845256,0.2541510723845256,n/a,2026-04-24,2026-04-24,
CRWD,LONG,0.17468423909225148,1.7468423909225148,6.31,3.8264,watchlist_reeval_failed,"momentum_aligned, not_extended, room_to_target, trend_aligned, trend_continuation",confirmation_volume,5.3,NEGATIVE,trend_continuation,-12013536.09,,470.0,300.0,3.07,34.21,194806.0,165054.0,0.847,86636.0,84855.0,188369.0,75.4,0.501,1.76,0.7,1.0,1.4,1.26,0.18,False,sustained_trend,5.0,False,,,,,1,1.0,99.0,9e-06,0.0,1.364324583394596e-11,0.0,1.836735,,1,0,0.0,0.0,4,4,1,1,4,4,1,1,4,4,4,4,4,4,4,4,0.0,0.0,0.332835,0.0,0.0,0.0,1.0,0.17468423909225148,0.17468423909225148,n/a,2026-04-24,2026-04-24,
APH,SHORT,0.372534734053995,3.72534734053995,4.42,4.2487,watchlist_reeval_failed,"bounce_and_fail, confirmation_volume, momentum_aligned, not_extended, room_to_target",trend_aligned,5.3,NEUTRAL,bounce_and_fail,,,150.0,95.0,1.52,35.71,55385.0,81589.0,1.473,72473.0,32527.0,31974.0,98.8,0.636,0.0,0.66,1.0,1.0,1.4,0.36,False,default,2.5,False,,,,,2,1.0,0.0,0.0,7e-06,0.0,944.8284396008264,,15.995671,0,0,0.0,0.0,4,4,1,1,4,4,1,1,4,4,4,4,4,4,4,4,0.0,0.0,0.0,0.53164,0.0,0.0,1.0,0.372534734053995,0.372534734053995,n/a,2026-04-24,2026-04-24,
CORZ,SHORT,0.29110662502103307,2.9110662502103306,3.65,3.6505,watchlist_reeval_failed,"bounce_and_fail, confirmation_volume, momentum_aligned, not_extended, room_to_target",trend_aligned,5.5,POSITIVE,bounce_and_fail,15608559.92,20.72,27.0,12.0,30.31,42.08,1139860.0,549568.0,0.482,416048.0,584563.0,688817.0,63.2,0.893,0.0,0.36,1.0,1.0,0.95,0.34,False,default,2.5,False,,,,,1,1.0,0.0,0.0,9.4e-05,0.0,8.089848346041904e-17,,13.419811,0,0,0.0,0.0,4,4,1,1,4,4,1,1,4,4,4,4,4,4,4,4,0.0,0.0,0.0,0.586924,0.0,0.0,1.0,0.29110662502103307,0.29110662502103307,n/a,2026-04-24,2026-04-24,
AXTI,LONG,0.5540235454155564,5.540235454155564,5.71,5.3231,watchlist_reeval_failed,"confirmation_volume, ema_pullback, not_extended, room_to_target, trend_aligned",momentum_aligned,4.2,POSITIVE,ema_pullback,963861.56,69.91,105.0,45.0,49.62,35.88,181546.0,70569.0,0.389,111169.0,40859.0,100087.0,92.1,1.856,2.31,0.91,0.57,1.2,0.27,0.45,False,default,2.5,False,,,,,10,1.0,99.0,0.002727,0.0,9297.334152281508,0.0,12.172617,,1,0,0.635169,0.0,4,4,1,1,4,4,1,1,4,4,4,4,4,4,4,4,1.2e-05,0.0,0.519083,0.0,0.0,0.0,1.0,0.5540235454155564,0.5540235454155564,n/a,2026-04-24,2026-04-24,
NPO,LONG,0.5114994530821066,5.1149945308210665,6.74,5.2795,watchlist_reeval_failed,"confirmation_volume, momentum_aligned, not_extended, room_to_target, trend_aligned, trend_continuation",none,3.5,NEUTRAL,trend_continuation,,,300.0,280.0,3.39,3.5,1620.0,1841.0,1.136,1578.0,1127.0,756.0,98.8,0.521,1.9,0.72,1.0,1.4,1.06,0.66,False,sustained_trend,5.0,False,,,,,1,1.0,99.0,0.000107,0.0,7.042274180914269e-23,0.0,18.181818,,0,0,0.0,0.0,4,4,1,1,4,4,1,1,4,4,4,4,4,4,4,4,0.0,0.0,0.53186,0.0,0.0,0.0,1.0,0.5114994530821066,0.5114994530821066,n/a,2026-04-24,2026-04-24,
TSEM,LONG,0.5006856180414517,5.006856180414517,5.91,5.2764,watchlist_reeval_failed,"confirmation_volume, ema_pullback, not_extended, room_to_target, trend_aligned",momentum_aligned,5.0,NEUTRAL,ema_pullback,,,230.0,120.0,16.39,39.27,66509.0,48072.0,0.723,54732.0,44390.0,15459.0,96.5,0.943,2.01,0.97,0.69,1.2,0.31,0.73,False,default,2.5,False,,,,,5,0.7,99.0,0.00038,0.0,71364.4608162615,0.0,77.459954,,3,0,0.0,0.0,4,4,1,1,4,4,1,1,4,4,4,4,4,4,4,4,8e-06,0.0,0.533476,0.0,0.0,0.0,1.0,0.5006856180414517,0.5006856180414517,n/a,2026-04-24,2026-04-24,
NVDA,LONG,0.3813146541735814,3.813146541735814,6.35,4.5916,watchlist_reeval_failed,"confirmation_volume, momentum_aligned, not_extended, trend_aligned, trend_continuation",room_to_target,3.9,POSITIVE,trend_continuation,1776132646.61,210.4,220.0,150.0,4.56,28.71,8278508.0,6850523.0,0.828,3433886.0,3663584.0,8031561.0,69.8,0.447,2.22,0.41,0.0,1.4,1.79,0.53,False,sustained_trend,5.0,False,,,,,7,1.0,13.659890202653367,2e-06,0.0,610815.0061745405,268295.717072115,57.941241,2.868687,0,0,0.815715,0.0,4,4,1,1,4,4,1,1,4,4,4,4,4,4,4,4,0.0,0.0,0.561827,0.557244,0.0,0.0,1.0,0.3813146541735814,0.3813146541735814,n/a,2026-04-24,2026-04-24,
BURL,LONG,0.380140600668232,3.80140600668232,5.01,4.5637,watchlist_reeval_failed,"confirmation_volume, ema_pullback, not_extended, room_to_target, trend_aligned",momentum_aligned,5.8,NEUTRAL,ema_pullback,,,360.0,270.0,11.51,16.37,5004.0,25857.0,5.167,10178.0,17750.0,2933.0,70.6,0.448,1.5,0.68,0.9,1.2,0.22,0.51,False,default,2.5,False,,,,,3,1.0,99.0,5.8e-05,0.0,47497.36305053742,0.0,,,0,0,0.0,0.0,4,4,1,1,4,4,1,1,4,4,4,4,4,4,4,4,0.0,0.0,0.020512,0.0,0.0,0.0,1.0,0.380140600668232,0.380140600668232,n/a,2026-04-24,2026-04-24,
ANET,LONG,0.3537520728118873,3.537520728118873,5.94,4.3308,watchlist_reeval_failed,"confirmation_volume, momentum_aligned, not_extended, room_to_target, trend_aligned, trend_continuation",none,3.9,POSITIVE,trend_continuation,298690.18,171.27,195.0,100.0,13.94,41.57,166538.0,122368.0,0.735,95137.0,65819.0,127950.0,87.2,0.658,2.61,0.56,0.33,1.4,0.62,0.42,False,sustained_trend,5.0,False,,,,,4,1.0,99.0,1.6e-05,0.0,24.34508276097023,0.0,2.430199,,1,0,0.0,0.0,4,4,1,1,4,4,1,1,4,4,4,4,4,4,4,4,0.0,0.0,0.201858,0.0,0.0,0.0,1.0,0.3537520728118873,0.3537520728118873,n/a,2026-04-24,2026-04-24,
VMI,LONG,0.3414994530821066,3.4149945308210663,5.9,4.2575,watchlist_reeval_failed,"momentum_aligned, not_extended, trend_aligned, trend_continuation","confirmation_volume, room_to_target",3.9,NEUTRAL,trend_continuation,,,500.0,470.0,1.8,4.31,884.0,704.0,0.796,994.0,326.0,268.0,63.5,0.319,2.37,0.46,0.0,1.4,1.63,0.04,False,sustained_trend,5.0,False,,,,,1,1.0,99.0,9.1e-05,0.0,3.4165349582609844e-07,0.0,,,0,0,0.0,0.0,4,4,1,1,4,4,1,1,4,4,4,4,4,4,4,4,0.0,0.0,0.785622,0.0,0.0,0.0,1.0,0.3414994530821066,0.3414994530821066,n/a,2026-04-24,2026-04-24,
NVTS,LONG,0.33481397117686024,3.3481397117686025,6.77,4.5051,watchlist_reeval_failed,"confirmation_volume, momentum_aligned, not_extended, room_to_target, trend_aligned, trend_continuation",none,4.0,POSITIVE,trend_continuation,1405022.3,17.18,20.0,7.0,16.45,59.24,281785.0,116240.0,0.413,145347.0,93653.0,159025.0,95.8,1.449,2.74,0.42,0.53,1.4,1.07,0.61,False,sustained_trend,5.0,False,,,,,1,1.0,99.0,0.000186,0.0,1912.3481539614054,0.0,4.884892,,0,0,0.0,0.0,4,4,1,1,4,4,1,1,4,4,4,4,4,4,4,4,0.0,0.0,0.417933,0.0,0.0,0.0,1.0,0.33481397117686024,0.33481397117686024,n/a,2026-04-24,2026-04-24,
CIEN,LONG,0.3249270907927443,3.2492709079274427,5.62,3.8306,watchlist_reeval_failed,"ema_pullback, momentum_aligned, not_extended, trend_aligned","confirmation_volume, room_to_target",2.6,NEUTRAL,ema_pullback,,,510.0,472.5,0.86,6.55,32564.0,31982.0,0.982,28287.0,18144.0,18115.0,85.3,0.87,2.23,0.6,0.08,1.2,1.27,0.24,False,default,2.5,False,,,,,3,1.0,99.0,3.3e-05,1e-05,6.384225436665725e-07,5.83817689611102e-12,22.028571,8.272727,1,0,0.464773,0.0,4,4,1,1,4,4,1,1,4,4,4,4,4,4,4,4,0.0,0.0,0.613022,0.444494,0.0,0.0,1.0,0.3249270907927443,0.3249270907927443,n/a,2026-04-24,2026-04-24,
CHTR,LONG,0.3216485157398508,3.216485157398508,3.44,4.2002,watchlist_reeval_failed,"confirmation_volume, room_to_target, trend_continuation","momentum_aligned, not_extended, trend_aligned",7.8,NEUTRAL,trend_continuation,,,400.0,160.0,126.41,9.44,79003.0,61013.0,0.772,25364.0,37587.0,77065.0,50.8,0.471,0.0,0.0,1.0,1.4,0.04,1.0,True,default,2.5,False,,,,,1,1.0,99.0,1.2e-05,0.0,9892.834073694785,0.0,9.605405,,0,0,0.0,0.0,4,4,1,1,4,4,1,1,4,4,4,4,4,4,4,4,0.0,0.0,0.52301,0.0,0.0,0.0,1.0,0.3216485157398508,0.3216485157398508,n/a,2026-04-24,2026-04-24,
WULF,LONG,0.3172877571933929,3.1728775719339293,5.51,4.2194,watchlist_reeval_failed,"confirmation_volume, momentum_aligned, not_extended, trend_aligned, trend_continuation",room_to_target,4.9,POSITIVE,trend_continuation,14084648.4,20.44,25.0,11.0,22.31,46.18,1530917.0,734381.0,0.48,774741.0,682366.0,808191.0,67.8,1.022,1.9,0.78,0.13,1.4,0.93,0.37,False,sustained_trend,5.0,False,,,,,2,1.0,99.0,0.000159,0.0,58.6977044592032,0.0,50.231848,,0,0,1e-05,0.0,4,4,1,1,4,4,1,1,4,4,4,4,4,4,4,4,0.0,0.0,0.302273,0.0,0.0,0.0,1.0,0.3172877571933929,0.3172877571933929,n/a,2026-04-24,2026-04-24,
SLB,LONG,0.2866424488460133,2.866424488460133,6.16,4.2412,watchlist_reeval_failed,"confirmation_volume, momentum_aligned, not_extended, trend_aligned, trend_continuation",room_to_target,4.8,POSITIVE,trend_continuation,31398998.36,55.41,65.0,42.5,17.36,23.26,480677.0,287038.0,0.597,138812.0,162501.0,466402.0,83.1,0.399,2.31,0.7,0.13,1.4,1.29,0.34,False,sustained_trend,5.0,False,,,,,1,0.7,99.0,7e-06,0.0,206057.9234875319,0.0,4.324242,,0,0,0.0,0.0,4,4,1,1,4,4,1,1,4,4,4,4,4,4,4,4,1e-06,0.0,0.453049,0.0,0.0,0.0,1.0,0.2866424488460133,0.2866424488460133,n/a,2026-04-24,2026-04-24,
FIG,LONG,0.2843267542420787,2.843267542420787,3.27,3.3226,watchlist_reeval_failed,"bounce_and_fail, not_extended, room_to_target","confirmation_volume, momentum_aligned, trend_aligned",4.6,POSITIVE,bounce_and_fail,333549.62,17.68,20.0,17.5,13.15,0.99,219706.0,141334.0,0.643,114349.0,119095.0,127596.0,99.5,1.112,0.0,0.5,1.0,1.0,0.54,0.23,False,default,2.5,False,,,,,2,1.0,99.0,0.000145,0.0,3172.813214716158,0.0,2.938552,,0,0,0.012092,0.0,4,4,1,1,4,4,1,1,4,4,4,4,4,4,4,4,0.0,0.0,0.166533,0.0,0.0,0.0,1.0,0.2843267542420787,0.2843267542420787,n/a,2026-04-24,2026-04-24,
AAOI,LONG,0.251299203500168,2.51299203500168,5.97,3.7675,watchlist_reeval_failed,"confirmation_volume, ema_pullback, momentum_aligned, not_extended, room_to_target, trend_aligned",none,3.6,POSITIVE,ema_pullback,1049876.45,145.29,200.0,20.0,37.46,86.25,114544.0,92406.0,0.807,77213.0,54710.0,75027.0,98.1,1.602,2.41,0.79,0.47,1.2,0.63,0.46,False,default,2.5,False,,,,,2,1.0,22.167708282121566,9.3e-05,5.6e-05,1421.4122268198903,64.12084680698683,2.752688,311.0,0,0,0.0,0.0,4,4,1,1,4,4,1,1,4,4,4,4,4,4,4,4,0.0,0.0,0.233146,0.123647,0.0,0.0,1.0,0.251299203500168,0.251299203500168,n/a,2026-04-24,2026-04-24,
VG,LONG,0.16746909126763976,1.6746909126763976,3.79,2.5343,watchlist_reeval_failed,"ema_pullback, momentum_aligned, not_extended, room_to_target","confirmation_volume, trend_aligned",2.8,POSITIVE,ema_pullback,2346120.41,12.14,12.5,7.5,2.92,38.25,480049.0,278523.0,0.58,182023.0,107885.0,468664.0,81.8,0.887,0.0,0.7,1.0,1.2,0.83,0.06,False,default,2.5,False,,,,,1,1.0,99.0,6.8e-05,0.0,1.8067189606407332e-07,0.0,1.140794,,0,0,0.0,0.0,4,4,1,1,4,4,1,1,4,4,4,4,4,4,4,4,0.0,0.0,0.497685,0.0,0.0,0.0,1.0,0.16746909126763976,0.16746909126763976,n/a,2026-04-24,2026-04-24,
FCX,LONG,0.12506060106266698,1.2506060106266697,1.9,2.6953,watchlist_reeval_failed,"not_extended, room_to_target","confirmation_volume, continuation_pattern, momentum_aligned, trend_aligned",7.5,NEGATIVE,unknown,-10034556.02,,70.0,35.0,15.97,42.01,591603.0,593559.0,1.003,219704.0,357627.0,607831.0,66.3,0.491,0.0,0.48,1.0,0.0,0.17,0.25,False,default,2.5,False,,,,,1,0.7,99.0,1.8e-05,0.0,42537.180881904846,0.0,1.107675,,0,0,0.0,0.0,4,4,1,1,4,4,1,1,4,4,4,4,4,4,4,4,0.0,0.0,0.381911,0.0,0.0,0.0,1.0,0.12506060106266698,0.12506060106266698,n/a,2026-04-24,2026-04-24,
FFIV,SHORT,0.38510922292337646,3.851092229233765,5.35,4.4105,watchlist_reeval_failed,"confirmation_volume, momentum_aligned, not_extended, retest_and_confirm, room_to_target",trend_aligned,4.4,NEUTRAL,retest_and_confirm,,,330.0,270.0,11.15,9.06,3670.0,3809.0,1.038,3942.0,1148.0,2389.0,96.8,0.525,0.0,0.84,1.0,1.4,1.75,0.36,False,default,2.5,False,,,,,2,1.0,0.0,0.0,0.000143,0.0,2.5713502488407085e-14,,,0,0,0.0,0.492759,4,4,1,1,4,4,1,1,4,4,4,4,4,4,4,4,0.0,0.0,0.0,0.451255,0.0,0.0,1.0,0.38510922292337646,0.38510922292337646,n/a,2026-04-24,2026-04-24,
APLD,SHORT,0.3706259295658262,3.7062592956582616,4.54,4.1951,watchlist_reeval_failed,"confirmation_volume, momentum_aligned, not_extended, pullback_to_resistance, room_to_target",trend_aligned,4.9,POSITIVE,pullback_to_resistance,2879445.07,33.82,40.0,25.0,18.2,26.12,515763.0,243945.0,0.473,225845.0,171961.0,361902.0,28.3,1.061,0.0,0.49,1.0,1.4,1.28,0.37,False,default,2.5,False,,,,,4,1.0,0.0,0.0,0.000265,0.0,57.932349146658886,,4.821407,0,0,0.0,0.584186,4,4,1,1,4,4,1,1,4,4,4,4,4,4,4,4,0.0,0.0,0.0,0.3847,0.0,0.0,1.0,0.3706259295658262,0.3706259295658262,n/a,2026-04-24,2026-04-24,
LYB,SHORT,0.3034337827792328,3.034337827792328,4.62,4.0632,watchlist_reeval_failed,"momentum_aligned, not_extended, retest_and_confirm, room_to_target","confirmation_volume, trend_aligned",5.8,NEUTRAL,retest_and_confirm,,,90.0,60.0,28.72,14.19,79142.0,80816.0,1.021,38894.0,48795.0,72269.0,95.9,0.582,0.0,0.75,1.0,1.4,1.45,0.02,False,default,2.5,False,,,,,1,1.0,0.0,0.0,1.2e-05,0.0,4.966435212886109e-22,,6.147436,0,0,0.0,0.0,4,4,1,1,4,4,1,1,4,4,4,4,4,4,4,4,0.0,0.0,0.0,0.426785,0.0,0.0,1.0,0.3034337827792328,0.3034337827792328,n/a,2026-04-24,2026-04-24,
BIDU,SHORT,0.24816236156037466,2.4816236156037466,3.61,3.1438,watchlist_reeval_failed,"bounce_and_fail, confirmation_volume, not_extended, room_to_target","momentum_aligned, trend_aligned",4.1,POSITIVE,bounce_and_fail,2184771.61,127.58,150.0,100.0,17.57,21.62,197700.0,122081.0,0.618,68251.0,102999.0,148531.0,94.8,0.569,0.0,0.36,1.0,1.0,0.55,0.69,False,default,2.5,False,,,,,1,0.7,0.0,0.0,1.9e-05,0.0,2.2421428345153886e-13,,2.751269,0,0,0.0,0.0,4,4,1,1,4,4,1,1,4,4,4,4,4,4,4,4,0.0,0.0,0.0,0.286234,0.0,0.0,1.0,0.24816236156037466,0.24816236156037466,n/a,2026-04-24,2026-04-24,
BE,SHORT,0.2417149279933254,2.4171492799332537,1.82,2.7946,watchlist_reeval_failed,"not_extended, room_to_target","confirmation_volume, continuation_pattern, momentum_aligned, trend_aligned",5.2,POSITIVE,unknown,3706490.1,235.65,260.0,75.0,10.34,68.17,318412.0,324540.0,1.019,186651.0,210219.0,246082.0,69.5,1.192,0.0,0.0,1.0,0.0,0.58,0.23,False,default,2.5,False,,,,,2,1.0,88.72009115653823,9e-06,2.2e-05,14025.305640683595,158.08488762638066,1.207569,8.921569,1,0,0.0,0.0,4,4,1,1,4,4,1,1,4,4,4,4,4,4,4,4,0.0,0.0,0.007523,0.548499,0.0,0.0,1.0,0.2417149279933254,0.2417149279933254,n/a,2026-04-24,2026-04-24,
AMD,SHORT,0.21887634090282893,2.1887634090282893,3.87,3.4954,watchlist_reeval_failed,"confirmation_volume, room_to_target, volume_capitulation_reversal","momentum_aligned, not_extended, trend_aligned",6.2,NEGATIVE,unknown,-24973164.22,333.2,400.0,200.0,20.03,39.99,1462057.0,1574747.0,1.077,759492.0,722505.0,1554807.0,97.2,0.672,0.0,0.0,1.0,1.4,0.52,0.96,True,default,2.5,False,,,,,1,1.0,0.0,0.0,1e-06,0.0,214816.78182568194,,2.519774,0,0,0.0,0.0,4,4,1,1,4,4,1,1,4,4,4,4,4,4,4,4,0.0,0.0,0.0,0.033436,0.0,0.0,1.0,0.21887634090282893,0.21887634090282893,n/a,2026-04-24,2026-04-24,
AVGO,SHORT,0.21166639831825734,2.1166639831825735,2.97,3.5093,watchlist_reeval_failed,"bounce_and_fail, momentum_aligned, room_to_target","confirmation_volume, not_extended, trend_aligned",7.8,NEGATIVE,bounce_and_fail,-552058.99,416.43,450.0,300.0,8.11,27.93,849432.0,973257.0,1.146,456182.0,437047.0,929460.0,57.6,0.474,0.0,0.0,1.0,1.0,0.75,0.22,True,default,2.5,False,,,,,1,1.0,0.0,0.0,1e-06,0.0,9.684513190236052e-06,,2.076212,0,1,0.0,0.0,4,4,1,1,4,4,1,1,4,4,4,4,4,4,4,4,0.0,0.0,0.0,0.524047,0.0,0.0,1.0,0.21166639831825734,0.21166639831825734,n/a,2026-04-24,2026-04-24,
SLV,SHORT,0.1457525133864626,1.457525133864626,6.85,4.0438,watchlist_reeval_failed,"momentum_aligned, not_extended, room_to_target, trend_aligned, trend_continuation",confirmation_volume,6.3,POSITIVE,trend_continuation,15658842.32,67.77,100.0,50.0,47.61,26.19,5086995.0,2836105.0,0.558,1706910.0,3047841.0,3168349.0,49.2,0.486,1.54,0.89,1.0,1.4,1.89,0.13,False,sustained_trend,5.0,False,,,,,1,1.0,0.0,0.0,1.8e-05,0.0,25838.89816297178,,1.495012,0,0,0.0,0.0,4,4,1,1,4,4,1,1,4,4,4,4,4,4,4,4,0.0,0.0,0.0,0.250197,0.0,0.0,1.0,0.1457525133864626,0.1457525133864626,n/a,2026-04-24,2026-04-24,
